timestamp,gpu_util_pct,memory_util_pct,memory_used_mib,memory_total_mib,power_w,temperature_c
2026-07-16T12:58:12Z,0, 0, 0, 143771, 79.73, 37
2026-07-16T12:58:14Z,0, 0, 0, 143771, 79.65, 37
2026-07-16T12:58:16Z,0, 0, 4, 143771, 79.77, 37
2026-07-16T12:58:18Z,0, 0, 4, 143771, 79.61, 37
2026-07-16T12:58:20Z,0, 0, 4, 143771, 79.59, 37
2026-07-16T12:58:22Z,15, 0, 5697, 143771, 117.44, 38
2026-07-16T12:58:24Z,16, 0, 18557, 143771, 125.79, 38
2026-07-16T12:58:26Z,0, 0, 27697, 143771, 125.03, 38
2026-07-16T12:58:28Z,100, 49, 71097, 143771, 693.00, 53
2026-07-16T12:58:30Z,100, 54, 82305, 143771, 694.55, 52
2026-07-16T12:58:32Z,59, 32, 82805, 143771, 596.56, 55
2026-07-16T12:58:34Z,100, 55, 82805, 143771, 688.38, 57
2026-07-16T12:58:36Z,100, 56, 82825, 143771, 684.40, 58
2026-07-16T12:58:38Z,100, 51, 82841, 143771, 695.89, 60
2026-07-16T12:58:40Z,100, 56, 82841, 143771, 690.18, 59
2026-07-16T12:58:42Z,100, 52, 82841, 143771, 687.64, 62
2026-07-16T12:58:44Z,100, 55, 82841, 143771, 688.58, 62
2026-07-16T12:58:46Z,100, 56, 82841, 143771, 690.96, 63
2026-07-16T12:58:49Z,100, 57, 82841, 143771, 684.30, 62
2026-07-16T12:58:51Z,100, 55, 82841, 143771, 690.83, 61
2026-07-16T12:58:53Z,100, 49, 82841, 143771, 697.08, 64
2026-07-16T12:58:55Z,100, 54, 82841, 143771, 698.61, 65
2026-07-16T12:58:57Z,100, 53, 82841, 143771, 672.32, 65
2026-07-16T12:58:59Z,100, 56, 82841, 143771, 696.75, 64
2026-07-16T12:59:01Z,100, 55, 82841, 143771, 687.26, 65
2026-07-16T12:59:03Z,100, 50, 82841, 143771, 693.46, 68
2026-07-16T12:59:05Z,100, 57, 82841, 143771, 686.63, 66
2026-07-16T12:59:07Z,100, 53, 82841, 143771, 688.99, 66
2026-07-16T12:59:09Z,100, 56, 82841, 143771, 694.71, 66
2026-07-16T12:59:11Z,100, 55, 82841, 143771, 686.50, 66
2026-07-16T12:59:13Z,100, 55, 82841, 143771, 696.21, 65
2026-07-16T12:59:15Z,100, 54, 82841, 143771, 687.23, 66
2026-07-16T12:59:17Z,100, 51, 82841, 143771, 695.52, 65
2026-07-16T12:59:19Z,100, 56, 82841, 143771, 689.35, 65
2026-07-16T12:59:21Z,100, 54, 82841, 143771, 663.34, 67
2026-07-16T12:59:23Z,0, 0, 116633, 143771, 360.20, 55
2026-07-16T12:59:25Z,100, 55, 116633, 143771, 679.88, 65
2026-07-16T12:59:27Z,100, 51, 116633, 143771, 689.17, 66
2026-07-16T12:59:29Z,100, 54, 116633, 143771, 692.71, 66
2026-07-16T12:59:31Z,100, 55, 116633, 143771, 671.38, 66
2026-07-16T12:59:33Z,100, 57, 116633, 143771, 695.95, 64
2026-07-16T12:59:35Z,100, 53, 116633, 143771, 686.11, 65
2026-07-16T12:59:37Z,100, 45, 116633, 143771, 693.62, 65
2026-07-16T12:59:39Z,100, 54, 116633, 143771, 683.07, 67
2026-07-16T12:59:41Z,100, 53, 116633, 143771, 674.58, 68
2026-07-16T12:59:43Z,100, 55, 116633, 143771, 694.31, 68
2026-07-16T12:59:45Z,100, 54, 116633, 143771, 683.25, 67
2026-07-16T12:59:47Z,100, 54, 116633, 143771, 687.10, 69
2026-07-16T12:59:49Z,100, 56, 116633, 143771, 701.18, 68
2026-07-16T12:59:51Z,100, 51, 116633, 143771, 689.89, 69
2026-07-16T12:59:53Z,100, 56, 116633, 143771, 689.30, 68
2026-07-16T12:59:55Z,100, 54, 116633, 143771, 658.23, 67
2026-07-16T12:59:57Z,100, 54, 116633, 143771, 695.28, 65
2026-07-16T12:59:59Z,100, 54, 116633, 143771, 692.91, 66
2026-07-16T13:00:01Z,100, 53, 116633, 143771, 695.10, 66
2026-07-16T13:00:03Z,100, 52, 116633, 143771, 692.48, 67
2026-07-16T13:00:05Z,100, 52, 116633, 143771, 679.57, 68
2026-07-16T13:00:07Z,100, 56, 116633, 143771, 684.76, 66
2026-07-16T13:00:09Z,100, 56, 116633, 143771, 687.38, 66
2026-07-16T13:00:11Z,100, 44, 116633, 143771, 689.53, 67
2026-07-16T13:00:13Z,100, 55, 116633, 143771, 690.59, 68
2026-07-16T13:00:16Z,100, 51, 116633, 143771, 690.63, 67
2026-07-16T13:00:18Z,100, 53, 116633, 143771, 689.05, 67
2026-07-16T13:00:20Z,100, 55, 116633, 143771, 685.94, 68
2026-07-16T13:00:22Z,100, 55, 116633, 143771, 697.20, 66
2026-07-16T13:00:24Z,100, 56, 116633, 143771, 690.72, 66
2026-07-16T13:00:26Z,100, 50, 116633, 143771, 695.14, 67
2026-07-16T13:00:28Z,100, 52, 116633, 143771, 685.08, 68
2026-07-16T13:00:30Z,100, 54, 116633, 143771, 660.96, 67
2026-07-16T13:00:32Z,100, 54, 116633, 143771, 695.28, 68
2026-07-16T13:00:34Z,100, 54, 116633, 143771, 681.65, 68
2026-07-16T13:00:36Z,100, 52, 116633, 143771, 689.87, 68
2026-07-16T13:00:38Z,100, 56, 116633, 143771, 691.93, 68
2026-07-16T13:00:40Z,100, 53, 116633, 143771, 691.46, 67
2026-07-16T13:00:42Z,100, 55, 116633, 143771, 687.00, 67
2026-07-16T13:00:44Z,100, 55, 116633, 143771, 683.70, 66
2026-07-16T13:00:46Z,100, 56, 116633, 143771, 685.62, 68
2026-07-16T13:00:48Z,100, 54, 116633, 143771, 696.48, 68
2026-07-16T13:00:50Z,100, 47, 116633, 143771, 704.46, 67
2026-07-16T13:00:52Z,100, 52, 116633, 143771, 692.33, 68
2026-07-16T13:00:54Z,100, 52, 116633, 143771, 685.21, 69
2026-07-16T13:00:56Z,100, 56, 116633, 143771, 688.57, 65
2026-07-16T13:00:58Z,100, 55, 116633, 143771, 710.47, 66
2026-07-16T13:01:00Z,100, 52, 116633, 143771, 693.53, 67
2026-07-16T13:01:02Z,100, 56, 116633, 143771, 689.50, 67
2026-07-16T13:01:04Z,100, 52, 116633, 143771, 687.06, 67
2026-07-16T13:01:06Z,100, 54, 116633, 143771, 685.22, 67
2026-07-16T13:01:08Z,100, 54, 116633, 143771, 693.40, 68
2026-07-16T13:01:10Z,100, 55, 116633, 143771, 679.97, 67
2026-07-16T13:01:12Z,100, 54, 116633, 143771, 683.48, 67
2026-07-16T13:01:14Z,100, 50, 116633, 143771, 701.35, 66
2026-07-16T13:01:16Z,100, 56, 116633, 143771, 686.22, 66
2026-07-16T13:01:18Z,90, 48, 116633, 143771, 669.91, 67
2026-07-16T13:01:20Z,100, 56, 116633, 143771, 699.65, 68
2026-07-16T13:01:22Z,100, 54, 116633, 143771, 688.69, 68
2026-07-16T13:01:24Z,100, 52, 116633, 143771, 693.52, 69
2026-07-16T13:01:26Z,100, 56, 116633, 143771, 690.55, 67
2026-07-16T13:01:28Z,100, 52, 116633, 143771, 688.47, 69
2026-07-16T13:01:30Z,100, 55, 116633, 143771, 685.00, 66
2026-07-16T13:01:32Z,100, 54, 116633, 143771, 693.51, 66
2026-07-16T13:01:34Z,100, 52, 116633, 143771, 681.36, 68
2026-07-16T13:01:36Z,100, 53, 116633, 143771, 679.02, 68
2026-07-16T13:01:38Z,100, 49, 116633, 143771, 691.77, 67
2026-07-16T13:01:40Z,100, 55, 116633, 143771, 679.11, 69
2026-07-16T13:01:43Z,100, 52, 116633, 143771, 681.78, 68
2026-07-16T13:01:45Z,100, 55, 116633, 143771, 692.92, 66
2026-07-16T13:01:47Z,100, 54, 116633, 143771, 697.90, 67
2026-07-16T13:01:49Z,100, 53, 116633, 143771, 680.27, 66
2026-07-16T13:01:51Z,100, 53, 116633, 143771, 687.22, 69
2026-07-16T13:01:53Z,100, 53, 116633, 143771, 688.20, 67
2026-07-16T13:01:55Z,100, 55, 116633, 143771, 689.50, 66
2026-07-16T13:01:57Z,100, 55, 116633, 143771, 668.48, 64
2026-07-16T13:01:59Z,100, 55, 116633, 143771, 689.89, 68
2026-07-16T13:02:01Z,100, 53, 116633, 143771, 682.15, 67
2026-07-16T13:02:03Z,100, 50, 116633, 143771, 697.22, 68
2026-07-16T13:02:05Z,100, 55, 116633, 143771, 692.33, 66
2026-07-16T13:02:07Z,100, 51, 116633, 143771, 688.12, 68
2026-07-16T13:02:09Z,100, 54, 116633, 143771, 688.57, 67
2026-07-16T13:02:11Z,100, 55, 116633, 143771, 699.67, 68
2026-07-16T13:02:13Z,100, 53, 116633, 143771, 681.36, 67
2026-07-16T13:02:15Z,100, 54, 116633, 143771, 685.05, 67
2026-07-16T13:02:17Z,100, 51, 116633, 143771, 690.29, 66
2026-07-16T13:02:19Z,100, 55, 116633, 143771, 692.99, 67
2026-07-16T13:02:21Z,100, 56, 116633, 143771, 664.22, 62
2026-07-16T13:02:23Z,100, 54, 116633, 143771, 689.03, 67
2026-07-16T13:02:25Z,100, 55, 116633, 143771, 693.96, 69
2026-07-16T13:02:27Z,100, 48, 116633, 143771, 696.40, 67
2026-07-16T13:02:29Z,100, 56, 116633, 143771, 692.22, 67
2026-07-16T13:02:31Z,100, 51, 116633, 143771, 677.88, 68
2026-07-16T13:02:33Z,100, 56, 116633, 143771, 698.08, 67
2026-07-16T13:02:35Z,100, 56, 116633, 143771, 698.43, 66
2026-07-16T13:02:37Z,100, 47, 116633, 143771, 695.66, 69
2026-07-16T13:02:39Z,100, 56, 116633, 143771, 696.12, 67
2026-07-16T13:02:41Z,100, 52, 116633, 143771, 685.75, 68
2026-07-16T13:02:43Z,100, 54, 116633, 143771, 693.42, 66
2026-07-16T13:02:45Z,100, 54, 116633, 143771, 696.09, 66
2026-07-16T13:02:47Z,100, 55, 116633, 143771, 693.81, 68
2026-07-16T13:02:49Z,100, 53, 116633, 143771, 686.98, 67
2026-07-16T13:02:51Z,100, 47, 116633, 143771, 695.12, 67
2026-07-16T13:02:53Z,100, 54, 116633, 143771, 685.90, 68
2026-07-16T13:02:55Z,100, 53, 116633, 143771, 679.47, 67
2026-07-16T13:02:57Z,100, 55, 116633, 143771, 689.09, 66
2026-07-16T13:02:59Z,100, 56, 116633, 143771, 692.02, 67
2026-07-16T13:03:01Z,100, 53, 116633, 143771, 696.77, 69
2026-07-16T13:03:03Z,100, 55, 116633, 143771, 691.54, 68
2026-07-16T13:03:06Z,100, 51, 116633, 143771, 688.30, 67
2026-07-16T13:03:08Z,100, 54, 116633, 143771, 710.03, 67
2026-07-16T13:03:10Z,100, 54, 116633, 143771, 688.97, 67
2026-07-16T13:03:12Z,100, 57, 116633, 143771, 687.23, 68
2026-07-16T13:03:14Z,100, 54, 116633, 143771, 682.38, 68
2026-07-16T13:03:16Z,100, 53, 116633, 143771, 695.29, 68
2026-07-16T13:03:18Z,100, 55, 116633, 143771, 698.09, 66
2026-07-16T13:03:20Z,100, 54, 116633, 143771, 682.87, 68
2026-07-16T13:03:22Z,100, 55, 116633, 143771, 694.13, 68
2026-07-16T13:03:24Z,100, 54, 116633, 143771, 682.08, 67
2026-07-16T13:03:26Z,100, 44, 116633, 143771, 688.56, 66
2026-07-16T13:03:28Z,100, 55, 116633, 143771, 685.17, 66
2026-07-16T13:03:30Z,100, 52, 116633, 143771, 694.73, 68
2026-07-16T13:03:32Z,100, 54, 116633, 143771, 682.36, 68
2026-07-16T13:03:34Z,100, 54, 116633, 143771, 674.13, 67
2026-07-16T13:03:36Z,100, 56, 116633, 143771, 693.70, 66
2026-07-16T13:03:38Z,100, 54, 116633, 143771, 698.45, 67
2026-07-16T13:03:40Z,100, 51, 116633, 143771, 694.27, 69
2026-07-16T13:03:42Z,100, 54, 116633, 143771, 688.90, 70
2026-07-16T13:03:44Z,100, 52, 116633, 143771, 683.45, 68
2026-07-16T13:03:46Z,100, 54, 116633, 143771, 700.08, 67
2026-07-16T13:03:48Z,100, 55, 116633, 143771, 694.65, 67
2026-07-16T13:03:50Z,100, 47, 116633, 143771, 687.48, 65
2026-07-16T13:03:52Z,100, 56, 116633, 143771, 685.84, 69
2026-07-16T13:03:54Z,100, 53, 116633, 143771, 693.47, 68
2026-07-16T13:03:56Z,100, 54, 116633, 143771, 692.89, 67
2026-07-16T13:03:58Z,100, 54, 116633, 143771, 693.02, 67
2026-07-16T13:04:00Z,100, 55, 116633, 143771, 693.33, 68
2026-07-16T13:04:02Z,100, 54, 116633, 143771, 686.54, 67
2026-07-16T13:04:04Z,100, 51, 116633, 143771, 696.50, 67
2026-07-16T13:04:06Z,100, 56, 116633, 143771, 692.04, 67
2026-07-16T13:04:08Z,100, 53, 116633, 143771, 677.60, 69
2026-07-16T13:04:10Z,100, 54, 116633, 143771, 686.68, 69
2026-07-16T13:04:12Z,100, 53, 116633, 143771, 687.49, 66
2026-07-16T13:04:14Z,100, 50, 116633, 143771, 687.91, 67
2026-07-16T13:04:16Z,100, 55, 116633, 143771, 696.13, 67
2026-07-16T13:04:18Z,100, 53, 116633, 143771, 697.92, 67
2026-07-16T13:04:20Z,100, 54, 116633, 143771, 682.59, 65
2026-07-16T13:04:22Z,54, 30, 116633, 143771, 664.16, 65
2026-07-16T13:04:24Z,100, 54, 116633, 143771, 700.04, 67
2026-07-16T13:04:26Z,100, 54, 116633, 143771, 691.96, 65
2026-07-16T13:04:28Z,100, 52, 116633, 143771, 693.28, 67
2026-07-16T13:04:30Z,100, 54, 116633, 143771, 694.01, 68
2026-07-16T13:04:33Z,100, 53, 116633, 143771, 683.99, 67
2026-07-16T13:04:35Z,100, 55, 116633, 143771, 697.03, 67
2026-07-16T13:04:37Z,100, 55, 116633, 143771, 704.85, 66
2026-07-16T13:04:39Z,100, 41, 116633, 143771, 681.20, 66
2026-07-16T13:04:41Z,100, 55, 116633, 143771, 680.93, 67
2026-07-16T13:04:43Z,100, 50, 116633, 143771, 685.33, 67
2026-07-16T13:04:45Z,100, 52, 116633, 143771, 684.21, 66
2026-07-16T13:04:47Z,100, 54, 116633, 143771, 677.97, 66
2026-07-16T13:04:49Z,100, 55, 116633, 143771, 702.16, 67
2026-07-16T13:04:51Z,100, 55, 116633, 143771, 694.94, 68
2026-07-16T13:04:53Z,100, 53, 116633, 143771, 693.94, 68
2026-07-16T13:04:55Z,100, 55, 116633, 143771, 687.63, 68
2026-07-16T13:04:57Z,100, 53, 116633, 143771, 681.35, 68
2026-07-16T13:04:59Z,100, 54, 116633, 143771, 690.72, 68
2026-07-16T13:05:01Z,100, 56, 116633, 143771, 698.37, 68
2026-07-16T13:05:03Z,100, 44, 116633, 143771, 688.34, 64
2026-07-16T13:05:05Z,100, 55, 116633, 143771, 687.35, 69
2026-07-16T13:05:07Z,100, 52, 116633, 143771, 684.12, 68
2026-07-16T13:05:09Z,100, 54, 116633, 143771, 684.05, 66
2026-07-16T13:05:11Z,72, 40, 116633, 143771, 669.20, 68
2026-07-16T13:05:13Z,100, 54, 116633, 143771, 690.50, 66
2026-07-16T13:05:15Z,100, 55, 116633, 143771, 710.40, 67
2026-07-16T13:05:17Z,100, 51, 116633, 143771, 695.53, 68
2026-07-16T13:05:19Z,100, 54, 116633, 143771, 687.22, 68
2026-07-16T13:05:21Z,100, 53, 116633, 143771, 676.78, 68
2026-07-16T13:05:23Z,100, 56, 116633, 143771, 691.31, 69
2026-07-16T13:05:25Z,100, 56, 116633, 143771, 696.73, 68
2026-07-16T13:05:27Z,100, 52, 116633, 143771, 694.04, 70
2026-07-16T13:05:29Z,100, 54, 116633, 143771, 698.49, 69
2026-07-16T13:05:31Z,100, 51, 116633, 143771, 694.75, 69
2026-07-16T13:05:33Z,100, 53, 116633, 143771, 689.37, 69
2026-07-16T13:05:35Z,100, 56, 116633, 143771, 700.61, 69
2026-07-16T13:05:37Z,100, 54, 116633, 143771, 685.46, 69
2026-07-16T13:05:39Z,100, 54, 116633, 143771, 712.09, 67
2026-07-16T13:05:41Z,100, 47, 116633, 143771, 698.02, 67
2026-07-16T13:05:43Z,100, 53, 116633, 143771, 685.25, 67
2026-07-16T13:05:45Z,55, 32, 116633, 143771, 678.82, 69
2026-07-16T13:05:47Z,100, 56, 116633, 143771, 694.34, 67
2026-07-16T13:05:49Z,100, 56, 116633, 143771, 709.44, 67
2026-07-16T13:05:51Z,100, 51, 116633, 143771, 689.02, 67
2026-07-16T13:05:53Z,100, 54, 116633, 143771, 694.73, 67
2026-07-16T13:05:55Z,100, 52, 116633, 143771, 685.55, 69
2026-07-16T13:05:58Z,100, 55, 116633, 143771, 684.42, 67
2026-07-16T13:06:00Z,100, 55, 116633, 143771, 701.56, 69
2026-07-16T13:06:02Z,100, 54, 116633, 143771, 684.17, 69
2026-07-16T13:06:04Z,100, 54, 116633, 143771, 706.89, 68
2026-07-16T13:06:06Z,100, 51, 116633, 143771, 681.83, 66
2026-07-16T13:06:08Z,100, 53, 116633, 143771, 684.58, 65
2026-07-16T13:06:10Z,100, 52, 116633, 143771, 676.47, 68
2026-07-16T13:06:12Z,100, 55, 116633, 143771, 697.59, 68
2026-07-16T13:06:14Z,100, 54, 116633, 143771, 681.17, 68
2026-07-16T13:06:16Z,100, 54, 116633, 143771, 693.92, 67
2026-07-16T13:06:18Z,100, 56, 116633, 143771, 682.02, 67
2026-07-16T13:06:20Z,100, 53, 116633, 143771, 684.78, 70
2026-07-16T13:06:22Z,100, 56, 116633, 143771, 706.16, 68
2026-07-16T13:06:24Z,100, 56, 116633, 143771, 687.29, 68
2026-07-16T13:06:26Z,100, 55, 116633, 143771, 692.76, 68
2026-07-16T13:06:28Z,100, 54, 116633, 143771, 686.30, 68
2026-07-16T13:06:30Z,100, 48, 116633, 143771, 684.00, 66
2026-07-16T13:06:32Z,100, 52, 116633, 143771, 688.59, 68
2026-07-16T13:06:34Z,1, 1, 116633, 143771, 616.31, 59
2026-07-16T13:06:36Z,89, 28, 116637, 143771, 565.33, 66
2026-07-16T13:06:38Z,86, 27, 116637, 143771, 565.75, 65
2026-07-16T13:06:40Z,88, 28, 116637, 143771, 594.21, 65
2026-07-16T13:06:42Z,89, 28, 116637, 143771, 587.47, 66
2026-07-16T13:06:44Z,86, 27, 116637, 143771, 578.21, 66
2026-07-16T13:06:46Z,90, 29, 116637, 143771, 587.34, 65
2026-07-16T13:06:48Z,87, 27, 116637, 143771, 576.16, 65
2026-07-16T13:06:50Z,89, 29, 116637, 143771, 565.03, 65
2026-07-16T13:06:52Z,87, 28, 116637, 143771, 586.55, 65
2026-07-16T13:06:54Z,88, 29, 116637, 143771, 576.45, 65
2026-07-16T13:06:56Z,86, 27, 116637, 143771, 569.68, 64
2026-07-16T13:06:58Z,85, 28, 116637, 143771, 568.53, 64
2026-07-16T13:07:00Z,83, 27, 116637, 143771, 552.52, 64
2026-07-16T13:07:02Z,88, 28, 116637, 143771, 562.71, 65
2026-07-16T13:07:04Z,84, 27, 116637, 143771, 572.10, 65
2026-07-16T13:07:06Z,87, 28, 116637, 143771, 579.14, 65
2026-07-16T13:07:08Z,86, 27, 116637, 143771, 554.25, 65
2026-07-16T13:07:10Z,86, 27, 116637, 143771, 573.21, 65
2026-07-16T13:07:12Z,88, 28, 116637, 143771, 567.71, 64
2026-07-16T13:07:14Z,91, 29, 116637, 143771, 576.13, 65
2026-07-16T13:07:16Z,90, 28, 116637, 143771, 588.18, 64
2026-07-16T13:07:18Z,80, 26, 116637, 143771, 571.73, 64
2026-07-16T13:07:20Z,86, 27, 116637, 143771, 562.16, 64
2026-07-16T13:07:22Z,84, 27, 116637, 143771, 568.32, 64
2026-07-16T13:07:25Z,87, 28, 116637, 143771, 570.13, 64
2026-07-16T13:07:27Z,91, 28, 116637, 143771, 571.48, 65
2026-07-16T13:07:29Z,90, 29, 116637, 143771, 585.41, 65
2026-07-16T13:07:31Z,89, 28, 116637, 143771, 576.74, 65
2026-07-16T13:07:33Z,2, 0, 116637, 143771, 139.98, 53
2026-07-16T13:07:35Z,100, 53, 116637, 143771, 693.31, 67
2026-07-16T13:07:37Z,100, 56, 116637, 143771, 691.13, 67
2026-07-16T13:07:39Z,100, 54, 116637, 143771, 688.17, 68
2026-07-16T13:07:41Z,100, 54, 116637, 143771, 691.30, 65
2026-07-16T13:07:43Z,100, 55, 116637, 143771, 681.99, 65
2026-07-16T13:07:45Z,100, 56, 116637, 143771, 683.83, 69
2026-07-16T13:07:47Z,100, 57, 116637, 143771, 696.35, 67
2026-07-16T13:07:49Z,100, 51, 116637, 143771, 697.67, 69
2026-07-16T13:07:51Z,100, 52, 116637, 143771, 689.54, 68
2026-07-16T13:07:53Z,100, 53, 116637, 143771, 687.96, 70
2026-07-16T13:07:55Z,100, 57, 116637, 143771, 690.03, 66
2026-07-16T13:07:57Z,100, 54, 116637, 143771, 697.76, 66
2026-07-16T13:07:59Z,100, 52, 116637, 143771, 695.40, 69
2026-07-16T13:08:01Z,100, 54, 116637, 143771, 688.78, 68
2026-07-16T13:08:03Z,100, 53, 116637, 143771, 693.81, 69
2026-07-16T13:08:05Z,100, 55, 116637, 143771, 691.95, 68
2026-07-16T13:08:07Z,100, 57, 116637, 143771, 686.64, 68
2026-07-16T13:08:09Z,100, 55, 116637, 143771, 691.26, 68
2026-07-16T13:08:11Z,100, 55, 116637, 143771, 686.14, 69
2026-07-16T13:08:13Z,100, 49, 116637, 143771, 692.76, 67
2026-07-16T13:08:15Z,100, 55, 116637, 143771, 690.27, 66
2026-07-16T13:08:17Z,100, 53, 116637, 143771, 671.46, 69
2026-07-16T13:08:19Z,100, 54, 116637, 143771, 691.46, 67
2026-07-16T13:08:21Z,100, 55, 116637, 143771, 682.20, 67
2026-07-16T13:08:23Z,100, 52, 116637, 143771, 680.71, 67
2026-07-16T13:08:25Z,100, 53, 116637, 143771, 690.39, 67
2026-07-16T13:08:27Z,100, 53, 116637, 143771, 694.10, 68
2026-07-16T13:08:29Z,100, 56, 116637, 143771, 688.59, 69
2026-07-16T13:08:31Z,100, 56, 116637, 143771, 657.32, 63
2026-07-16T13:08:33Z,100, 54, 116637, 143771, 694.52, 67
2026-07-16T13:08:35Z,100, 54, 116637, 143771, 697.47, 67
2026-07-16T13:08:37Z,100, 52, 116637, 143771, 694.23, 68
2026-07-16T13:08:39Z,100, 56, 116637, 143771, 696.78, 68
2026-07-16T13:08:41Z,100, 52, 116637, 143771, 685.45, 69
2026-07-16T13:08:43Z,100, 54, 116637, 143771, 693.72, 69
2026-07-16T13:08:45Z,100, 54, 116637, 143771, 701.39, 69
2026-07-16T13:08:47Z,100, 52, 116637, 143771, 691.56, 71
2026-07-16T13:08:50Z,100, 55, 116637, 143771, 703.72, 67
2026-07-16T13:08:52Z,100, 53, 116637, 143771, 694.62, 69
2026-07-16T13:08:54Z,100, 56, 116637, 143771, 699.05, 70
2026-07-16T13:08:56Z,100, 55, 116637, 143771, 690.89, 69
2026-07-16T13:08:58Z,100, 55, 116637, 143771, 688.96, 67
2026-07-16T13:09:00Z,100, 54, 116637, 143771, 683.08, 66
2026-07-16T13:09:02Z,100, 52, 116637, 143771, 695.65, 68
2026-07-16T13:09:04Z,100, 56, 116637, 143771, 693.26, 67
2026-07-16T13:09:06Z,100, 52, 116637, 143771, 688.65, 69
2026-07-16T13:09:08Z,100, 55, 116637, 143771, 683.70, 68
2026-07-16T13:09:10Z,100, 55, 116637, 143771, 691.69, 67
2026-07-16T13:09:12Z,100, 41, 116637, 143771, 688.68, 66
2026-07-16T13:09:14Z,100, 55, 116637, 143771, 688.02, 68
2026-07-16T13:09:16Z,100, 53, 116637, 143771, 691.91, 68
2026-07-16T13:09:18Z,100, 55, 116637, 143771, 689.20, 69
2026-07-16T13:09:20Z,58, 33, 116637, 143771, 664.86, 68
2026-07-16T13:09:22Z,100, 54, 116637, 143771, 695.65, 66
2026-07-16T13:09:24Z,100, 55, 116637, 143771, 698.45, 69
2026-07-16T13:09:26Z,100, 50, 116637, 143771, 692.02, 67
2026-07-16T13:09:28Z,100, 54, 116637, 143771, 696.99, 67
2026-07-16T13:09:30Z,100, 53, 116637, 143771, 675.76, 68
2026-07-16T13:09:32Z,100, 56, 116637, 143771, 691.76, 66
2026-07-16T13:09:34Z,100, 54, 116637, 143771, 689.77, 66
2026-07-16T13:09:36Z,100, 52, 116637, 143771, 687.69, 64
2026-07-16T13:09:38Z,100, 54, 116637, 143771, 683.33, 67
2026-07-16T13:09:40Z,100, 51, 116637, 143771, 683.86, 67
2026-07-16T13:09:42Z,100, 54, 116637, 143771, 687.18, 66
2026-07-16T13:09:44Z,56, 31, 116637, 143771, 672.26, 66
2026-07-16T13:09:46Z,100, 52, 116637, 143771, 696.15, 67
2026-07-16T13:09:48Z,100, 52, 116637, 143771, 685.86, 68
2026-07-16T13:09:50Z,100, 53, 116637, 143771, 694.33, 67
2026-07-16T13:09:52Z,100, 55, 116637, 143771, 694.37, 67
2026-07-16T13:09:54Z,100, 53, 116637, 143771, 683.78, 68
2026-07-16T13:09:56Z,100, 54, 116637, 143771, 695.99, 68
2026-07-16T13:09:58Z,100, 54, 116637, 143771, 700.16, 69
2026-07-16T13:10:00Z,100, 56, 116637, 143771, 686.89, 69
2026-07-16T13:10:02Z,100, 56, 116637, 143771, 687.82, 67
2026-07-16T13:10:04Z,100, 50, 116637, 143771, 689.42, 68
2026-07-16T13:10:06Z,100, 54, 116637, 143771, 682.89, 68
2026-07-16T13:10:08Z,76, 42, 116637, 143771, 665.22, 63
2026-07-16T13:10:10Z,100, 52, 116637, 143771, 695.24, 68
2026-07-16T13:10:12Z,100, 54, 116637, 143771, 700.45, 68
2026-07-16T13:10:15Z,100, 52, 116637, 143771, 698.00, 68
2026-07-16T13:10:17Z,100, 54, 116637, 143771, 689.91, 66
2026-07-16T13:10:19Z,100, 51, 116637, 143771, 689.20, 69
2026-07-16T13:10:21Z,100, 55, 116637, 143771, 692.86, 68
2026-07-16T13:10:23Z,100, 57, 116637, 143771, 699.09, 68
2026-07-16T13:10:25Z,100, 58, 116637, 143771, 689.30, 66
2026-07-16T13:10:27Z,100, 56, 116637, 143771, 681.13, 69
2026-07-16T13:10:29Z,100, 52, 116637, 143771, 692.25, 68
2026-07-16T13:10:31Z,100, 55, 116637, 143771, 683.33, 68
2026-07-16T13:10:33Z,57, 31, 116637, 143771, 662.20, 67
2026-07-16T13:10:35Z,100, 54, 116637, 143771, 691.08, 66
2026-07-16T13:10:37Z,100, 53, 116637, 143771, 693.22, 67
2026-07-16T13:10:39Z,100, 51, 116637, 143771, 692.02, 67
2026-07-16T13:10:41Z,100, 56, 116637, 143771, 700.99, 67
2026-07-16T13:10:43Z,100, 53, 116637, 143771, 682.71, 68
2026-07-16T13:10:45Z,100, 55, 116637, 143771, 681.20, 68
2026-07-16T13:10:47Z,100, 54, 116637, 143771, 687.59, 68
2026-07-16T13:10:49Z,100, 69, 116637, 143771, 686.43, 69
2026-07-16T13:10:51Z,100, 57, 116637, 143771, 691.34, 66
2026-07-16T13:10:53Z,100, 46, 116637, 143771, 700.37, 66
2026-07-16T13:10:55Z,100, 54, 116637, 143771, 683.62, 67
2026-07-16T13:10:57Z,98, 52, 116637, 143771, 672.28, 68
2026-07-16T13:10:59Z,100, 57, 116637, 143771, 700.34, 68
2026-07-16T13:11:01Z,100, 57, 116637, 143771, 687.11, 67
2026-07-16T13:11:03Z,100, 53, 116637, 143771, 691.26, 67
2026-07-16T13:11:05Z,100, 55, 116637, 143771, 689.57, 68
2026-07-16T13:11:07Z,100, 54, 116637, 143771, 690.58, 68
2026-07-16T13:11:09Z,100, 55, 116637, 143771, 689.19, 67
2026-07-16T13:11:11Z,100, 57, 116637, 143771, 687.61, 68
2026-07-16T13:11:13Z,100, 68, 116637, 143771, 689.71, 67
2026-07-16T13:11:15Z,100, 55, 116637, 143771, 686.47, 67
2026-07-16T13:11:17Z,100, 53, 116637, 143771, 679.08, 65
2026-07-16T13:11:19Z,100, 55, 116637, 143771, 693.78, 65
2026-07-16T13:11:21Z,86, 46, 116637, 143771, 673.30, 66
2026-07-16T13:11:23Z,100, 54, 116637, 143771, 690.32, 65
2026-07-16T13:11:25Z,100, 53, 116637, 143771, 689.93, 68
2026-07-16T13:11:27Z,100, 52, 116637, 143771, 692.63, 67
2026-07-16T13:11:29Z,100, 55, 116637, 143771, 703.86, 66
2026-07-16T13:11:31Z,100, 52, 116637, 143771, 680.60, 67
2026-07-16T13:11:33Z,100, 56, 116637, 143771, 684.70, 68
2026-07-16T13:11:35Z,100, 54, 116637, 143771, 685.49, 66
2026-07-16T13:11:37Z,100, 51, 116637, 143771, 686.26, 68
2026-07-16T13:11:40Z,100, 54, 116637, 143771, 695.92, 67
2026-07-16T13:11:42Z,100, 48, 116637, 143771, 677.30, 67
2026-07-16T13:11:44Z,100, 52, 116637, 143771, 681.70, 68
2026-07-16T13:11:46Z,60, 32, 116637, 143771, 673.58, 62
2026-07-16T13:11:48Z,100, 53, 116637, 143771, 688.61, 67
2026-07-16T13:11:50Z,100, 54, 116637, 143771, 692.69, 68
2026-07-16T13:11:52Z,100, 52, 116637, 143771, 695.27, 68
2026-07-16T13:11:54Z,100, 56, 116637, 143771, 684.66, 69
2026-07-16T13:11:56Z,100, 51, 116637, 143771, 677.53, 69
2026-07-16T13:11:58Z,100, 56, 116637, 143771, 685.22, 69
2026-07-16T13:12:00Z,100, 55, 116637, 143771, 683.89, 68
2026-07-16T13:12:02Z,100, 64, 116637, 143771, 682.16, 68
2026-07-16T13:12:04Z,100, 56, 116637, 143771, 689.39, 68
2026-07-16T13:12:06Z,100, 51, 116637, 143771, 690.07, 68
2026-07-16T13:12:08Z,100, 55, 116637, 143771, 691.25, 67
2026-07-16T13:12:10Z,98, 53, 116637, 143771, 678.50, 67
2026-07-16T13:12:12Z,100, 52, 116637, 143771, 701.02, 68
2026-07-16T13:12:14Z,100, 52, 116637, 143771, 688.64, 68
2026-07-16T13:12:16Z,100, 53, 116637, 143771, 698.95, 68
2026-07-16T13:12:18Z,100, 55, 116637, 143771, 689.46, 67
2026-07-16T13:12:20Z,100, 52, 116637, 143771, 683.02, 69
2026-07-16T13:12:22Z,100, 55, 116637, 143771, 687.63, 69
2026-07-16T13:12:24Z,100, 57, 116637, 143771, 701.85, 68
2026-07-16T13:12:26Z,100, 51, 116637, 143771, 681.88, 68
2026-07-16T13:12:28Z,100, 56, 116637, 143771, 683.48, 67
2026-07-16T13:12:30Z,100, 51, 116637, 143771, 696.41, 66
2026-07-16T13:12:32Z,100, 55, 116637, 143771, 683.68, 68
2026-07-16T13:12:34Z,57, 31, 116637, 143771, 680.78, 68
2026-07-16T13:12:36Z,100, 52, 116637, 143771, 690.27, 67
2026-07-16T13:12:38Z,100, 54, 116637, 143771, 690.13, 68
2026-07-16T13:12:40Z,100, 53, 116637, 143771, 692.07, 68
2026-07-16T13:12:42Z,100, 55, 116637, 143771, 684.15, 68
2026-07-16T13:12:44Z,100, 54, 116637, 143771, 691.10, 68
2026-07-16T13:12:46Z,100, 54, 116637, 143771, 685.62, 69
2026-07-16T13:12:48Z,100, 55, 116637, 143771, 691.88, 69
2026-07-16T13:12:50Z,100, 54, 116637, 143771, 681.57, 67
2026-07-16T13:12:52Z,100, 56, 116637, 143771, 705.30, 67
2026-07-16T13:12:54Z,100, 50, 116637, 143771, 683.80, 68
2026-07-16T13:12:56Z,100, 55, 116637, 143771, 692.77, 69
2026-07-16T13:12:58Z,54, 31, 116637, 143771, 680.64, 68
2026-07-16T13:13:00Z,100, 52, 116637, 143771, 697.51, 66
2026-07-16T13:13:02Z,100, 54, 116637, 143771, 687.63, 66
2026-07-16T13:13:05Z,100, 53, 116637, 143771, 690.84, 68
2026-07-16T13:13:07Z,100, 55, 116637, 143771, 683.35, 68
2026-07-16T13:13:09Z,100, 54, 116637, 143771, 695.07, 68
2026-07-16T13:13:11Z,100, 53, 116637, 143771, 680.06, 68
2026-07-16T13:13:13Z,100, 56, 116637, 143771, 690.23, 68
2026-07-16T13:13:15Z,100, 59, 116637, 143771, 687.19, 66
2026-07-16T13:13:17Z,100, 53, 116637, 143771, 690.64, 68
2026-07-16T13:13:19Z,100, 53, 116637, 143771, 679.82, 67
2026-07-16T13:13:21Z,100, 55, 116637, 143771, 688.86, 68
2026-07-16T13:13:23Z,52, 29, 116637, 143771, 672.86, 67
2026-07-16T13:13:25Z,100, 53, 116637, 143771, 696.21, 68
2026-07-16T13:13:27Z,100, 55, 116637, 143771, 698.89, 69
2026-07-16T13:13:29Z,100, 50, 116637, 143771, 691.39, 68
2026-07-16T13:13:31Z,100, 56, 116637, 143771, 697.65, 67
2026-07-16T13:13:33Z,100, 53, 116637, 143771, 687.27, 69
2026-07-16T13:13:35Z,100, 56, 116637, 143771, 687.07, 67
2026-07-16T13:13:37Z,100, 54, 116637, 143771, 691.69, 68
2026-07-16T13:13:39Z,100, 62, 116637, 143771, 687.28, 68
2026-07-16T13:13:41Z,100, 54, 116637, 143771, 692.73, 68
2026-07-16T13:13:43Z,100, 53, 116637, 143771, 687.55, 67
2026-07-16T13:13:45Z,100, 55, 116637, 143771, 689.90, 68
2026-07-16T13:13:47Z,100, 56, 116637, 143771, 664.33, 63
2026-07-16T13:13:49Z,100, 55, 116637, 143771, 696.52, 66
2026-07-16T13:13:51Z,100, 55, 116637, 143771, 690.24, 67
2026-07-16T13:13:53Z,100, 51, 116637, 143771, 690.69, 67
2026-07-16T13:13:55Z,100, 56, 116637, 143771, 686.60, 67
2026-07-16T13:13:57Z,100, 53, 116637, 143771, 676.28, 69
2026-07-16T13:13:59Z,100, 54, 116637, 143771, 696.44, 67
2026-07-16T13:14:01Z,100, 53, 116637, 143771, 690.02, 68
2026-07-16T13:14:03Z,100, 50, 116637, 143771, 685.71, 68
2026-07-16T13:14:05Z,100, 55, 116637, 143771, 696.83, 65
2026-07-16T13:14:07Z,100, 53, 116637, 143771, 691.20, 68
2026-07-16T13:14:09Z,100, 54, 116637, 143771, 689.62, 68
2026-07-16T13:14:11Z,64, 35, 116637, 143771, 658.85, 63
2026-07-16T13:14:13Z,100, 52, 116637, 143771, 695.33, 67
2026-07-16T13:14:15Z,100, 56, 116637, 143771, 698.56, 69
2026-07-16T13:14:17Z,100, 50, 116637, 143771, 696.29, 67
2026-07-16T13:14:19Z,100, 55, 116637, 143771, 696.41, 68
2026-07-16T13:14:21Z,100, 52, 116637, 143771, 687.82, 68
2026-07-16T13:14:23Z,100, 57, 116637, 143771, 691.26, 68
2026-07-16T13:14:25Z,100, 55, 116637, 143771, 690.01, 67
2026-07-16T13:14:27Z,100, 49, 116637, 143771, 687.73, 66
2026-07-16T13:14:30Z,100, 56, 116637, 143771, 688.23, 67
2026-07-16T13:14:32Z,100, 53, 116637, 143771, 690.30, 69
2026-07-16T13:14:34Z,100, 53, 116637, 143771, 689.79, 68
2026-07-16T13:14:36Z,69, 37, 116637, 143771, 664.13, 68
2026-07-16T13:14:38Z,100, 56, 116637, 143771, 692.97, 66
2026-07-16T13:14:40Z,100, 54, 116637, 143771, 698.89, 67
2026-07-16T13:14:42Z,100, 52, 116637, 143771, 695.23, 69
2026-07-16T13:14:44Z,100, 56, 116637, 143771, 689.71, 68
2026-07-16T13:14:46Z,100, 52, 116637, 143771, 684.99, 68
2026-07-16T13:14:48Z,100, 53, 116637, 143771, 682.35, 69
2026-07-16T13:14:50Z,100, 55, 116637, 143771, 685.69, 69
2026-07-16T13:14:52Z,100, 55, 116637, 143771, 682.88, 69
2026-07-16T13:14:54Z,100, 55, 116637, 143771, 705.10, 70
2026-07-16T13:14:56Z,100, 50, 116637, 143771, 680.05, 69
2026-07-16T13:14:58Z,100, 55, 116637, 143771, 696.08, 70
2026-07-16T13:15:00Z,55, 31, 116637, 143771, 685.52, 69
2026-07-16T13:15:02Z,100, 55, 116637, 143771, 688.95, 67
2026-07-16T13:15:04Z,100, 55, 116637, 143771, 682.01, 66
2026-07-16T13:15:06Z,100, 53, 116637, 143771, 695.87, 67
2026-07-16T13:15:08Z,100, 56, 116637, 143771, 693.13, 69
2026-07-16T13:15:10Z,100, 53, 116637, 143771, 687.63, 69
2026-07-16T13:15:12Z,100, 53, 116637, 143771, 677.28, 67
2026-07-16T13:15:14Z,100, 53, 116637, 143771, 698.56, 66
2026-07-16T13:15:16Z,100, 45, 116637, 143771, 682.37, 69
2026-07-16T13:15:18Z,100, 56, 116637, 143771, 689.72, 67
2026-07-16T13:15:20Z,100, 51, 116637, 143771, 686.04, 67
2026-07-16T13:15:22Z,100, 54, 116637, 143771, 682.18, 68
2026-07-16T13:15:24Z,77, 42, 116637, 143771, 668.02, 63
2026-07-16T13:15:26Z,100, 53, 116637, 143771, 692.59, 66
2026-07-16T13:15:28Z,100, 56, 116637, 143771, 697.79, 66
2026-07-16T13:15:30Z,100, 53, 116637, 143771, 694.91, 68
2026-07-16T13:15:32Z,100, 54, 116637, 143771, 694.67, 66
2026-07-16T13:15:34Z,100, 52, 116637, 143771, 680.09, 68
2026-07-16T13:15:36Z,100, 55, 116637, 143771, 680.71, 67
2026-07-16T13:15:38Z,100, 56, 116637, 143771, 702.98, 68
2026-07-16T13:15:40Z,84, 27, 116637, 143771, 561.31, 66
2026-07-16T13:15:42Z,86, 27, 116637, 143771, 576.25, 66
2026-07-16T13:15:44Z,87, 27, 116637, 143771, 584.59, 66
2026-07-16T13:15:46Z,82, 26, 116637, 143771, 563.36, 65
2026-07-16T13:15:48Z,90, 29, 116637, 143771, 588.34, 66
2026-07-16T13:15:50Z,85, 27, 116637, 143771, 575.32, 65
2026-07-16T13:15:52Z,86, 27, 116637, 143771, 574.84, 66
2026-07-16T13:15:55Z,91, 29, 116637, 143771, 596.12, 66
2026-07-16T13:15:57Z,87, 27, 116637, 143771, 570.00, 66
2026-07-16T13:15:59Z,86, 27, 116637, 143771, 565.69, 65
2026-07-16T13:16:01Z,91, 29, 116637, 143771, 605.63, 65
2026-07-16T13:16:03Z,90, 29, 116637, 143771, 586.09, 65
2026-07-16T13:16:05Z,87, 28, 116637, 143771, 595.97, 65
2026-07-16T13:16:07Z,91, 30, 116637, 143771, 591.38, 65
2026-07-16T13:16:09Z,93, 30, 116637, 143771, 601.07, 66
2026-07-16T13:16:11Z,90, 29, 116637, 143771, 615.11, 66
2026-07-16T13:16:13Z,92, 29, 116637, 143771, 598.95, 65
2026-07-16T13:16:15Z,86, 27, 116637, 143771, 559.52, 65
2026-07-16T13:16:17Z,90, 29, 116637, 143771, 571.10, 65
2026-07-16T13:16:19Z,89, 28, 116637, 143771, 591.90, 65
2026-07-16T13:16:21Z,83, 26, 116637, 143771, 593.71, 64
2026-07-16T13:16:23Z,89, 28, 116637, 143771, 596.26, 65
2026-07-16T13:16:25Z,94, 31, 116637, 143771, 588.88, 65
2026-07-16T13:16:27Z,90, 29, 116637, 143771, 598.97, 65
2026-07-16T13:16:29Z,82, 26, 116637, 143771, 572.02, 64
2026-07-16T13:16:31Z,80, 26, 116637, 143771, 570.12, 64
2026-07-16T13:16:33Z,82, 26, 116637, 143771, 581.25, 65
2026-07-16T13:16:35Z,92, 30, 116637, 143771, 601.49, 66
2026-07-16T13:16:37Z,100, 54, 116637, 143771, 440.92, 65
2026-07-16T13:16:39Z,100, 56, 116637, 143771, 683.08, 65
2026-07-16T13:16:41Z,100, 54, 116637, 143771, 688.09, 67
2026-07-16T13:16:43Z,100, 56, 116637, 143771, 681.48, 67
2026-07-16T13:16:45Z,100, 56, 116637, 143771, 684.21, 66
2026-07-16T13:16:47Z,100, 52, 116637, 143771, 687.84, 67
2026-07-16T13:16:49Z,100, 56, 116637, 143771, 687.81, 68
2026-07-16T13:16:51Z,56, 32, 116637, 143771, 667.60, 66
2026-07-16T13:16:53Z,100, 54, 116637, 143771, 694.58, 66
2026-07-16T13:16:55Z,100, 53, 116637, 143771, 691.09, 66
2026-07-16T13:16:57Z,100, 53, 116637, 143771, 694.72, 69
2026-07-16T13:16:59Z,100, 54, 116637, 143771, 690.58, 68
2026-07-16T13:17:01Z,100, 53, 116637, 143771, 682.83, 68
2026-07-16T13:17:03Z,100, 56, 116637, 143771, 696.33, 66
2026-07-16T13:17:05Z,100, 57, 116637, 143771, 693.33, 67
2026-07-16T13:17:07Z,100, 55, 116637, 143771, 691.38, 69
2026-07-16T13:17:09Z,100, 54, 116637, 143771, 695.06, 69
2026-07-16T13:17:11Z,100, 47, 116637, 143771, 685.18, 68
2026-07-16T13:17:13Z,100, 55, 116637, 143771, 694.06, 66
2026-07-16T13:17:15Z,78, 43, 116637, 143771, 674.55, 68
2026-07-16T13:17:17Z,100, 55, 116637, 143771, 698.03, 69
2026-07-16T13:17:19Z,100, 56, 116637, 143771, 689.95, 69
2026-07-16T13:17:22Z,100, 51, 116637, 143771, 696.14, 67
2026-07-16T13:17:24Z,100, 55, 116637, 143771, 678.94, 69
2026-07-16T13:17:26Z,100, 53, 116637, 143771, 693.19, 68
2026-07-16T13:17:28Z,100, 56, 116637, 143771, 686.50, 68
2026-07-16T13:17:30Z,100, 55, 116637, 143771, 688.24, 68
2026-07-16T13:17:32Z,100, 55, 116637, 143771, 683.92, 66
2026-07-16T13:17:34Z,100, 55, 116637, 143771, 705.31, 67
2026-07-16T13:17:36Z,100, 47, 116637, 143771, 701.33, 66
2026-07-16T13:17:38Z,100, 55, 116637, 143771, 704.55, 67
2026-07-16T13:17:40Z,100, 53, 116637, 143771, 681.04, 68
2026-07-16T13:17:42Z,100, 53, 116637, 143771, 703.64, 68
2026-07-16T13:17:44Z,100, 54, 116637, 143771, 694.59, 67
2026-07-16T13:17:46Z,100, 52, 116637, 143771, 692.57, 68
2026-07-16T13:17:48Z,100, 56, 116637, 143771, 685.36, 67
2026-07-16T13:17:50Z,100, 54, 116637, 143771, 690.48, 68
2026-07-16T13:17:52Z,100, 53, 116637, 143771, 691.70, 65
2026-07-16T13:17:54Z,100, 54, 116637, 143771, 691.85, 65
2026-07-16T13:17:56Z,100, 53, 116637, 143771, 682.94, 65
2026-07-16T13:17:58Z,100, 54, 116637, 143771, 682.35, 66
2026-07-16T13:18:00Z,100, 51, 116637, 143771, 688.86, 67
2026-07-16T13:18:02Z,100, 57, 116637, 143771, 691.86, 67
2026-07-16T13:18:04Z,87, 47, 116637, 143771, 674.21, 65
2026-07-16T13:18:06Z,100, 54, 116637, 143771, 698.53, 65
2026-07-16T13:18:08Z,100, 55, 116637, 143771, 698.12, 66
2026-07-16T13:18:10Z,100, 50, 116637, 143771, 694.89, 67
2026-07-16T13:18:12Z,100, 55, 116637, 143771, 689.80, 66
2026-07-16T13:18:14Z,100, 52, 116637, 143771, 689.11, 68
2026-07-16T13:18:16Z,100, 55, 116637, 143771, 692.47, 68
2026-07-16T13:18:18Z,100, 54, 116637, 143771, 686.52, 67
2026-07-16T13:18:20Z,100, 44, 116637, 143771, 687.85, 68
2026-07-16T13:18:22Z,100, 54, 116637, 143771, 684.49, 68
2026-07-16T13:18:24Z,100, 50, 116637, 143771, 692.62, 67
2026-07-16T13:18:26Z,100, 53, 116637, 143771, 702.93, 66
2026-07-16T13:18:28Z,55, 32, 116637, 143771, 668.94, 67
2026-07-16T13:18:30Z,100, 53, 116637, 143771, 694.19, 67
2026-07-16T13:18:32Z,100, 55, 116637, 143771, 692.22, 68
2026-07-16T13:18:34Z,100, 52, 116637, 143771, 692.33, 69
2026-07-16T13:18:36Z,100, 55, 116637, 143771, 699.12, 69
2026-07-16T13:18:38Z,100, 53, 116637, 143771, 686.57, 68
2026-07-16T13:18:40Z,100, 55, 116637, 143771, 677.70, 66
2026-07-16T13:18:42Z,100, 54, 116637, 143771, 684.62, 66
2026-07-16T13:18:45Z,100, 60, 116637, 143771, 678.27, 69
2026-07-16T13:18:47Z,100, 55, 116637, 143771, 685.49, 66
2026-07-16T13:18:49Z,100, 52, 116637, 143771, 693.85, 69
2026-07-16T13:18:51Z,100, 54, 116637, 143771, 691.79, 69
2026-07-16T13:18:53Z,100, 56, 116637, 143771, 663.87, 62
2026-07-16T13:18:55Z,100, 56, 116637, 143771, 691.95, 68
2026-07-16T13:18:57Z,100, 56, 116637, 143771, 708.65, 69
2026-07-16T13:18:59Z,100, 50, 116637, 143771, 691.70, 67
2026-07-16T13:19:01Z,100, 55, 116637, 143771, 685.35, 68
2026-07-16T13:19:03Z,100, 55, 116637, 143771, 682.22, 68
2026-07-16T13:19:05Z,100, 54, 116637, 143771, 689.04, 66
2026-07-16T13:19:07Z,100, 54, 116637, 143771, 686.59, 66
2026-07-16T13:19:09Z,100, 41, 116637, 143771, 687.09, 67
2026-07-16T13:19:11Z,100, 56, 116637, 143771, 691.89, 67
2026-07-16T13:19:13Z,100, 52, 116637, 143771, 682.07, 68
2026-07-16T13:19:15Z,100, 55, 116637, 143771, 691.41, 68
2026-07-16T13:19:17Z,100, 56, 116637, 143771, 676.20, 63
2026-07-16T13:19:19Z,100, 56, 116637, 143771, 693.98, 68
2026-07-16T13:19:21Z,100, 56, 116637, 143771, 696.92, 66
2026-07-16T13:19:23Z,100, 51, 116637, 143771, 693.14, 68
2026-07-16T13:19:25Z,100, 55, 116637, 143771, 687.51, 68
2026-07-16T13:19:27Z,100, 53, 116637, 143771, 677.21, 68
2026-07-16T13:19:29Z,100, 55, 116637, 143771, 692.34, 68
2026-07-16T13:19:31Z,100, 56, 116637, 143771, 685.42, 68
2026-07-16T13:19:33Z,100, 53, 116637, 143771, 689.82, 65
2026-07-16T13:19:35Z,100, 55, 116637, 143771, 689.93, 68
2026-07-16T13:19:37Z,100, 53, 116637, 143771, 690.03, 67
2026-07-16T13:19:39Z,100, 54, 116637, 143771, 697.81, 67
2026-07-16T13:19:41Z,100, 53, 116637, 143771, 682.65, 68
2026-07-16T13:19:43Z,100, 52, 116637, 143771, 689.55, 66
2026-07-16T13:19:45Z,100, 55, 116637, 143771, 683.88, 67
2026-07-16T13:19:47Z,100, 52, 116637, 143771, 699.81, 67
2026-07-16T13:19:49Z,100, 55, 116637, 143771, 685.41, 65
2026-07-16T13:19:51Z,100, 52, 116637, 143771, 683.40, 68
2026-07-16T13:19:53Z,100, 56, 116637, 143771, 691.82, 68
2026-07-16T13:19:55Z,100, 56, 116637, 143771, 684.62, 68
2026-07-16T13:19:57Z,100, 49, 116637, 143771, 686.88, 68
2026-07-16T13:19:59Z,100, 54, 116637, 143771, 687.68, 65
2026-07-16T13:20:01Z,100, 50, 116637, 143771, 685.06, 67
2026-07-16T13:20:03Z,100, 52, 116637, 143771, 694.75, 68
2026-07-16T13:20:05Z,73, 40, 116637, 143771, 675.70, 63
2026-07-16T13:20:07Z,100, 53, 116637, 143771, 692.31, 65
2026-07-16T13:20:09Z,100, 56, 116637, 143771, 698.42, 66
2026-07-16T13:20:12Z,100, 52, 116637, 143771, 698.89, 67
2026-07-16T13:20:14Z,100, 54, 116637, 143771, 690.32, 66
2026-07-16T13:20:16Z,100, 54, 116637, 143771, 695.39, 68
2026-07-16T13:20:18Z,100, 57, 116637, 143771, 686.21, 68
2026-07-16T13:20:20Z,100, 56, 116637, 143771, 693.16, 68
2026-07-16T13:20:22Z,100, 43, 116637, 143771, 687.03, 65
2026-07-16T13:20:24Z,100, 55, 116637, 143771, 692.66, 68
2026-07-16T13:20:26Z,100, 52, 116637, 143771, 698.07, 67
2026-07-16T13:20:28Z,100, 54, 116637, 143771, 694.64, 66
2026-07-16T13:20:30Z,100, 53, 116637, 143771, 696.37, 66
2026-07-16T13:20:32Z,100, 55, 116637, 143771, 702.40, 67
2026-07-16T13:20:34Z,100, 55, 116637, 143771, 697.13, 69
2026-07-16T13:20:36Z,100, 51, 116637, 143771, 697.11, 67
2026-07-16T13:20:38Z,100, 54, 116637, 143771, 682.63, 66
2026-07-16T13:20:40Z,100, 53, 116637, 143771, 677.97, 69
2026-07-16T13:20:42Z,100, 55, 116637, 143771, 691.51, 67
2026-07-16T13:20:44Z,100, 55, 116637, 143771, 698.80, 67
2026-07-16T13:20:46Z,100, 53, 116637, 143771, 676.76, 67
2026-07-16T13:20:48Z,100, 57, 116637, 143771, 694.11, 68
2026-07-16T13:20:50Z,100, 51, 116637, 143771, 690.09, 68
2026-07-16T13:20:52Z,100, 54, 116637, 143771, 687.38, 67
2026-07-16T13:20:54Z,100, 56, 116637, 143771, 672.67, 63
2026-07-16T13:20:56Z,100, 55, 116637, 143771, 692.61, 67
2026-07-16T13:20:58Z,100, 55, 116637, 143771, 701.46, 69
2026-07-16T13:21:00Z,100, 51, 116637, 143771, 695.59, 68
2026-07-16T13:21:02Z,100, 52, 116637, 143771, 693.18, 66
2026-07-16T13:21:04Z,100, 53, 116637, 143771, 684.45, 68
2026-07-16T13:21:06Z,100, 56, 116637, 143771, 692.65, 66
2026-07-16T13:21:08Z,100, 55, 116637, 143771, 711.23, 67
2026-07-16T13:21:10Z,100, 41, 116637, 143771, 680.83, 65
2026-07-16T13:21:12Z,100, 54, 116637, 143771, 693.26, 68
2026-07-16T13:21:14Z,100, 50, 116637, 143771, 693.51, 68
2026-07-16T13:21:16Z,100, 56, 116637, 143771, 694.59, 69
2026-07-16T13:21:18Z,100, 54, 116637, 143771, 683.76, 68
2026-07-16T13:21:20Z,100, 52, 116637, 143771, 694.81, 67
2026-07-16T13:21:22Z,100, 56, 116637, 143771, 691.84, 67
2026-07-16T13:21:24Z,100, 51, 116637, 143771, 692.97, 69
2026-07-16T13:21:26Z,100, 55, 116637, 143771, 703.73, 68
2026-07-16T13:21:28Z,100, 53, 116637, 143771, 681.77, 67
2026-07-16T13:21:30Z,100, 55, 116637, 143771, 683.81, 68
2026-07-16T13:21:32Z,100, 55, 116637, 143771, 691.91, 68
2026-07-16T13:21:35Z,100, 43, 116637, 143771, 689.92, 65
2026-07-16T13:21:37Z,100, 56, 116637, 143771, 702.64, 66
2026-07-16T13:21:39Z,100, 53, 116637, 143771, 693.45, 67
2026-07-16T13:21:41Z,100, 53, 116637, 143771, 687.93, 67
2026-07-16T13:21:43Z,100, 54, 116637, 143771, 659.49, 64
2026-07-16T13:21:45Z,100, 56, 116637, 143771, 691.82, 67
2026-07-16T13:21:47Z,100, 55, 116637, 143771, 697.02, 67
2026-07-16T13:21:49Z,100, 46, 116637, 143771, 696.62, 66
2026-07-16T13:21:51Z,100, 54, 116637, 143771, 691.88, 68
2026-07-16T13:21:53Z,100, 53, 116637, 143771, 689.19, 68
2026-07-16T13:21:55Z,100, 57, 116637, 143771, 692.21, 68
2026-07-16T13:21:57Z,100, 54, 116637, 143771, 688.49, 68
2026-07-16T13:21:59Z,100, 56, 116637, 143771, 673.87, 66
2026-07-16T13:22:01Z,100, 54, 116637, 143771, 689.40, 68
2026-07-16T13:22:03Z,100, 51, 116637, 143771, 692.67, 67
2026-07-16T13:22:05Z,100, 55, 116637, 143771, 683.95, 68
2026-07-16T13:22:07Z,100, 54, 116637, 143771, 654.67, 62
2026-07-16T13:22:09Z,100, 54, 116637, 143771, 703.55, 66
2026-07-16T13:22:11Z,100, 53, 116637, 143771, 690.30, 68
2026-07-16T13:22:13Z,100, 51, 116637, 143771, 694.52, 66
2026-07-16T13:22:15Z,100, 54, 116637, 143771, 694.12, 67
2026-07-16T13:22:17Z,100, 52, 116637, 143771, 692.73, 68
2026-07-16T13:22:19Z,100, 54, 116637, 143771, 698.16, 69
2026-07-16T13:22:21Z,100, 54, 116637, 143771, 686.91, 69
2026-07-16T13:22:23Z,100, 53, 116637, 143771, 691.72, 68
2026-07-16T13:22:25Z,100, 56, 116637, 143771, 686.51, 67
2026-07-16T13:22:27Z,100, 52, 116637, 143771, 692.53, 68
2026-07-16T13:22:29Z,100, 54, 116637, 143771, 689.13, 67
2026-07-16T13:22:31Z,100, 56, 116637, 143771, 693.38, 66
2026-07-16T13:22:33Z,100, 57, 116637, 143771, 688.53, 67
2026-07-16T13:22:35Z,100, 57, 116637, 143771, 698.66, 67
2026-07-16T13:22:37Z,100, 47, 116637, 143771, 697.13, 66
2026-07-16T13:22:39Z,100, 52, 116637, 143771, 686.92, 65
2026-07-16T13:22:41Z,62, 33, 116637, 143771, 684.24, 67
2026-07-16T13:22:43Z,100, 55, 116637, 143771, 703.79, 68
2026-07-16T13:22:45Z,100, 56, 116637, 143771, 687.87, 67
2026-07-16T13:22:47Z,100, 51, 116637, 143771, 695.91, 67
2026-07-16T13:22:49Z,100, 56, 116637, 143771, 691.40, 66
2026-07-16T13:22:51Z,100, 52, 116637, 143771, 683.16, 69
2026-07-16T13:22:53Z,100, 54, 116637, 143771, 690.87, 67
2026-07-16T13:22:55Z,100, 54, 116637, 143771, 697.21, 68
2026-07-16T13:22:58Z,100, 56, 116637, 143771, 684.91, 68
2026-07-16T13:23:00Z,100, 56, 116637, 143771, 691.54, 68
2026-07-16T13:23:02Z,100, 48, 116637, 143771, 695.08, 68
2026-07-16T13:23:04Z,100, 54, 116637, 143771, 696.66, 66
2026-07-16T13:23:06Z,100, 54, 116637, 143771, 689.07, 69
2026-07-16T13:23:08Z,100, 57, 116637, 143771, 692.83, 68
2026-07-16T13:23:10Z,100, 54, 116637, 143771, 689.72, 68
2026-07-16T13:23:12Z,0, 0, 116639, 143771, 589.90, 62
2026-07-16T13:23:14Z,100, 54, 116639, 143771, 690.03, 66
2026-07-16T13:23:16Z,100, 55, 116639, 143771, 681.78, 66
2026-07-16T13:23:18Z,100, 51, 116639, 143771, 694.07, 67
2026-07-16T13:23:20Z,100, 55, 116639, 143771, 697.82, 69
2026-07-16T13:23:22Z,100, 53, 116639, 143771, 680.19, 69
2026-07-16T13:23:24Z,100, 57, 116639, 143771, 692.27, 69
2026-07-16T13:23:26Z,100, 54, 116639, 143771, 690.99, 69
2026-07-16T13:23:28Z,100, 48, 116639, 143771, 689.71, 67
2026-07-16T13:23:30Z,100, 56, 116639, 143771, 687.31, 67
2026-07-16T13:23:32Z,100, 50, 116639, 143771, 691.03, 68
2026-07-16T13:23:34Z,100, 53, 116639, 143771, 679.65, 68
2026-07-16T13:23:36Z,91, 52, 116639, 143771, 668.72, 68
2026-07-16T13:23:38Z,100, 55, 116639, 143771, 690.56, 67
2026-07-16T13:23:40Z,100, 55, 116639, 143771, 681.04, 67
2026-07-16T13:23:42Z,100, 52, 116639, 143771, 695.21, 66
2026-07-16T13:23:44Z,100, 55, 116639, 143771, 682.15, 65
2026-07-16T13:23:46Z,100, 53, 116639, 143771, 683.00, 69
2026-07-16T13:23:48Z,100, 54, 116639, 143771, 689.41, 67
2026-07-16T13:23:50Z,100, 55, 116639, 143771, 699.05, 68
2026-07-16T13:23:52Z,100, 62, 116639, 143771, 689.27, 66
2026-07-16T13:23:54Z,100, 55, 116639, 143771, 685.66, 66
2026-07-16T13:23:56Z,100, 50, 116639, 143771, 691.21, 68
2026-07-16T13:23:58Z,100, 54, 116639, 143771, 693.78, 66
2026-07-16T13:24:00Z,55, 31, 116639, 143771, 667.81, 63
2026-07-16T13:24:02Z,100, 53, 116639, 143771, 695.64, 66
2026-07-16T13:24:04Z,100, 54, 116639, 143771, 687.29, 68
2026-07-16T13:24:06Z,100, 52, 116639, 143771, 693.02, 68
2026-07-16T13:24:08Z,100, 54, 116639, 143771, 684.38, 67
2026-07-16T13:24:10Z,100, 53, 116639, 143771, 679.62, 68
2026-07-16T13:24:12Z,100, 55, 116639, 143771, 689.28, 67
2026-07-16T13:24:14Z,100, 56, 116639, 143771, 700.44, 65
2026-07-16T13:24:16Z,100, 52, 116639, 143771, 687.80, 63
2026-07-16T13:24:18Z,100, 55, 116639, 143771, 699.10, 68
2026-07-16T13:24:21Z,100, 53, 116639, 143771, 693.24, 66
2026-07-16T13:24:23Z,100, 55, 116639, 143771, 686.80, 65
2026-07-16T13:24:25Z,56, 31, 116639, 143771, 671.83, 65
2026-07-16T13:24:27Z,100, 54, 116639, 143771, 690.99, 66
2026-07-16T13:24:29Z,100, 56, 116639, 143771, 696.74, 66
2026-07-16T13:24:31Z,100, 52, 116639, 143771, 693.41, 66
2026-07-16T13:24:33Z,100, 52, 116639, 143771, 690.46, 67
2026-07-16T13:24:35Z,100, 52, 116639, 143771, 676.67, 68
2026-07-16T13:24:37Z,100, 56, 116639, 143771, 682.22, 65
2026-07-16T13:24:39Z,100, 56, 116639, 143771, 688.98, 66
2026-07-16T13:24:41Z,89, 28, 116639, 143771, 586.05, 65
2026-07-16T13:24:43Z,87, 27, 116639, 143771, 570.13, 65
2026-07-16T13:24:45Z,79, 25, 116639, 143771, 559.80, 64
2026-07-16T13:24:47Z,87, 28, 116639, 143771, 571.34, 64
2026-07-16T13:24:49Z,84, 27, 116639, 143771, 568.29, 64
2026-07-16T13:24:51Z,84, 27, 116639, 143771, 572.04, 64
2026-07-16T13:24:53Z,82, 26, 116639, 143771, 548.09, 64
2026-07-16T13:24:55Z,86, 27, 116639, 143771, 570.57, 63
2026-07-16T13:24:57Z,85, 27, 116639, 143771, 573.17, 64
2026-07-16T13:24:59Z,88, 27, 116639, 143771, 574.79, 64
2026-07-16T13:25:01Z,80, 26, 116639, 143771, 545.57, 63
2026-07-16T13:25:03Z,86, 28, 116639, 143771, 556.71, 64
2026-07-16T13:25:05Z,89, 28, 116639, 143771, 578.55, 64
2026-07-16T13:25:07Z,92, 30, 116639, 143771, 606.85, 64
2026-07-16T13:25:09Z,91, 29, 116639, 143771, 605.10, 64
2026-07-16T13:25:11Z,91, 29, 116639, 143771, 606.83, 65
2026-07-16T13:25:13Z,89, 28, 116639, 143771, 579.83, 64
2026-07-16T13:25:15Z,87, 28, 116639, 143771, 594.77, 65
2026-07-16T13:25:17Z,92, 28, 116639, 143771, 588.33, 65
2026-07-16T13:25:19Z,89, 28, 116639, 143771, 594.51, 65
2026-07-16T13:25:21Z,87, 28, 116639, 143771, 590.26, 65
2026-07-16T13:25:23Z,92, 29, 116639, 143771, 594.50, 65
2026-07-16T13:25:25Z,89, 29, 116639, 143771, 586.91, 65
2026-07-16T13:25:27Z,93, 29, 116639, 143771, 602.19, 65
2026-07-16T13:25:29Z,90, 28, 116639, 143771, 580.10, 65
2026-07-16T13:25:31Z,89, 28, 116639, 143771, 574.50, 64
2026-07-16T13:25:33Z,85, 27, 116639, 143771, 580.07, 64
2026-07-16T13:25:35Z,84, 27, 116639, 143771, 572.57, 65
2026-07-16T13:25:37Z,100, 55, 116639, 143771, 250.66, 61
2026-07-16T13:25:39Z,100, 55, 116639, 143771, 701.83, 64
2026-07-16T13:25:41Z,100, 55, 116639, 143771, 689.00, 65
2026-07-16T13:25:43Z,100, 51, 116639, 143771, 692.66, 66
2026-07-16T13:25:46Z,100, 55, 116639, 143771, 690.27, 65
2026-07-16T13:25:48Z,100, 53, 116639, 143771, 684.03, 67
2026-07-16T13:25:50Z,100, 56, 116639, 143771, 695.56, 67
2026-07-16T13:25:52Z,100, 55, 116639, 143771, 685.72, 67
2026-07-16T13:25:54Z,100, 55, 116639, 143771, 684.95, 66
2026-07-16T13:25:56Z,100, 55, 116639, 143771, 692.10, 66
2026-07-16T13:25:58Z,100, 47, 116639, 143771, 694.18, 66
2026-07-16T13:26:00Z,100, 56, 116639, 143771, 688.35, 69
2026-07-16T13:26:02Z,100, 53, 116639, 143771, 681.05, 68
2026-07-16T13:26:04Z,100, 56, 116639, 143771, 701.57, 66
2026-07-16T13:26:06Z,100, 56, 116639, 143771, 681.77, 67
2026-07-16T13:26:08Z,100, 53, 116639, 143771, 695.85, 72
2026-07-16T13:26:10Z,100, 55, 116639, 143771, 690.55, 67
2026-07-16T13:26:12Z,100, 53, 116639, 143771, 686.76, 68
2026-07-16T13:26:14Z,100, 54, 116639, 143771, 689.10, 68
2026-07-16T13:26:16Z,100, 56, 116639, 143771, 688.61, 67
2026-07-16T13:26:18Z,100, 54, 116639, 143771, 681.66, 69
2026-07-16T13:26:20Z,100, 53, 116639, 143771, 695.75, 68
2026-07-16T13:26:22Z,100, 47, 116639, 143771, 697.11, 67
2026-07-16T13:26:24Z,100, 54, 116639, 143771, 691.03, 66
2026-07-16T13:26:26Z,100, 53, 116639, 143771, 695.08, 70
2026-07-16T13:26:28Z,100, 53, 116639, 143771, 690.79, 68
2026-07-16T13:26:30Z,100, 55, 116639, 143771, 689.35, 67
2026-07-16T13:26:32Z,100, 51, 116639, 143771, 693.29, 72
2026-07-16T13:26:34Z,100, 54, 116639, 143771, 699.44, 69
2026-07-16T13:26:36Z,100, 51, 116639, 143771, 694.51, 69
2026-07-16T13:26:38Z,100, 54, 116639, 143771, 701.60, 67
2026-07-16T13:26:40Z,100, 56, 116639, 143771, 688.80, 69
2026-07-16T13:26:42Z,100, 55, 116639, 143771, 681.88, 68
2026-07-16T13:26:44Z,100, 54, 116639, 143771, 710.81, 66
2026-07-16T13:26:46Z,100, 50, 116639, 143771, 693.79, 67
2026-07-16T13:26:48Z,100, 55, 116639, 143771, 697.83, 68
2026-07-16T13:26:50Z,100, 53, 116639, 143771, 674.76, 68
2026-07-16T13:26:52Z,100, 53, 116639, 143771, 691.42, 67
2026-07-16T13:26:54Z,100, 53, 116639, 143771, 701.69, 67
2026-07-16T13:26:56Z,100, 53, 116639, 143771, 689.84, 71
2026-07-16T13:26:58Z,100, 55, 116639, 143771, 688.76, 68
2026-07-16T13:27:00Z,100, 50, 116639, 143771, 686.34, 68
2026-07-16T13:27:02Z,100, 52, 116639, 143771, 690.18, 68
2026-07-16T13:27:04Z,100, 55, 116639, 143771, 692.88, 69
2026-07-16T13:27:06Z,100, 57, 116639, 143771, 681.38, 67
2026-07-16T13:27:08Z,100, 55, 116639, 143771, 686.78, 68
2026-07-16T13:27:11Z,100, 51, 116639, 143771, 699.45, 66
2026-07-16T13:27:13Z,100, 55, 116639, 143771, 700.35, 69
2026-07-16T13:27:15Z,57, 33, 116639, 143771, 688.37, 69
2026-07-16T13:27:17Z,100, 53, 116639, 143771, 692.25, 69
2026-07-16T13:27:19Z,100, 56, 116639, 143771, 692.22, 68
2026-07-16T13:27:21Z,100, 53, 116639, 143771, 695.38, 69
2026-07-16T13:27:23Z,100, 54, 116639, 143771, 690.52, 69
2026-07-16T13:27:25Z,100, 52, 116639, 143771, 696.83, 68
2026-07-16T13:27:27Z,100, 56, 116639, 143771, 692.22, 67
2026-07-16T13:27:29Z,100, 53, 116639, 143771, 693.16, 66
2026-07-16T13:27:31Z,100, 56, 116639, 143771, 689.26, 69
2026-07-16T13:27:33Z,100, 55, 116639, 143771, 688.61, 66
2026-07-16T13:27:35Z,100, 49, 116639, 143771, 698.65, 65
2026-07-16T13:27:37Z,100, 52, 116639, 143771, 691.43, 67
2026-07-16T13:27:39Z,100, 52, 116639, 143771, 690.38, 67
2026-07-16T13:27:41Z,100, 53, 116639, 143771, 689.02, 67
2026-07-16T13:27:43Z,100, 54, 116639, 143771, 691.05, 68
2026-07-16T13:27:45Z,100, 52, 116639, 143771, 693.81, 68
2026-07-16T13:27:47Z,100, 56, 116639, 143771, 693.40, 67
2026-07-16T13:27:49Z,100, 53, 116639, 143771, 682.80, 68
2026-07-16T13:27:51Z,100, 54, 116639, 143771, 688.26, 67
2026-07-16T13:27:53Z,100, 54, 116639, 143771, 693.73, 69
2026-07-16T13:27:55Z,100, 54, 116639, 143771, 685.73, 66
2026-07-16T13:27:57Z,100, 56, 116639, 143771, 705.54, 66
2026-07-16T13:27:59Z,100, 51, 116639, 143771, 684.42, 67
2026-07-16T13:28:01Z,100, 53, 116639, 143771, 687.00, 68
2026-07-16T13:28:03Z,100, 53, 116639, 143771, 674.08, 69
2026-07-16T13:28:05Z,100, 54, 116639, 143771, 694.52, 67
2026-07-16T13:28:07Z,100, 55, 116639, 143771, 710.48, 68
2026-07-16T13:28:09Z,100, 53, 116639, 143771, 693.92, 67
2026-07-16T13:28:11Z,100, 56, 116639, 143771, 695.55, 66
2026-07-16T13:28:13Z,100, 52, 116639, 143771, 692.35, 68
2026-07-16T13:28:15Z,100, 55, 116639, 143771, 686.93, 66
2026-07-16T13:28:17Z,100, 54, 116639, 143771, 688.55, 65
2026-07-16T13:28:19Z,100, 57, 116639, 143771, 682.02, 68
2026-07-16T13:28:21Z,100, 56, 116639, 143771, 688.16, 67
2026-07-16T13:28:23Z,100, 48, 116639, 143771, 693.43, 66
2026-07-16T13:28:25Z,100, 53, 116639, 143771, 688.09, 68
2026-07-16T13:28:27Z,100, 53, 116639, 143771, 670.86, 67
2026-07-16T13:28:29Z,100, 55, 116639, 143771, 699.08, 67
2026-07-16T13:28:31Z,100, 56, 116639, 143771, 692.62, 68
2026-07-16T13:28:34Z,100, 53, 116639, 143771, 694.79, 67
2026-07-16T13:28:36Z,100, 56, 116639, 143771, 703.64, 67
2026-07-16T13:28:38Z,100, 53, 116639, 143771, 680.71, 69
2026-07-16T13:28:40Z,100, 55, 116639, 143771, 692.08, 67
2026-07-16T13:28:42Z,100, 56, 116639, 143771, 692.36, 69
2026-07-16T13:28:44Z,100, 44, 116639, 143771, 687.77, 67
2026-07-16T13:28:46Z,100, 54, 116639, 143771, 683.43, 68
2026-07-16T13:28:48Z,100, 52, 116639, 143771, 688.90, 65
2026-07-16T13:28:50Z,100, 53, 116639, 143771, 691.31, 65
2026-07-16T13:28:52Z,100, 53, 116639, 143771, 672.52, 67
2026-07-16T13:28:54Z,100, 54, 116639, 143771, 697.97, 67
2026-07-16T13:28:56Z,100, 55, 116639, 143771, 687.58, 68
2026-07-16T13:28:58Z,100, 50, 116639, 143771, 696.28, 69
2026-07-16T13:29:00Z,100, 54, 116639, 143771, 684.82, 65
2026-07-16T13:29:02Z,100, 53, 116639, 143771, 680.52, 67
2026-07-16T13:29:04Z,100, 56, 116639, 143771, 687.69, 68
2026-07-16T13:29:06Z,100, 55, 116639, 143771, 691.30, 68
2026-07-16T13:29:08Z,100, 48, 116639, 143771, 690.11, 68
2026-07-16T13:29:10Z,100, 56, 116639, 143771, 688.91, 66
2026-07-16T13:29:12Z,100, 54, 116639, 143771, 692.22, 69
2026-07-16T13:29:14Z,100, 55, 116639, 143771, 688.60, 67
2026-07-16T13:29:16Z,91, 51, 116639, 143771, 671.25, 61
2026-07-16T13:29:18Z,100, 55, 116639, 143771, 694.41, 66
2026-07-16T13:29:20Z,100, 55, 116639, 143771, 688.14, 67
2026-07-16T13:29:22Z,100, 52, 116639, 143771, 694.28, 66
2026-07-16T13:29:24Z,100, 56, 116639, 143771, 706.12, 66
2026-07-16T13:29:26Z,100, 53, 116639, 143771, 685.02, 67
2026-07-16T13:29:28Z,100, 56, 116639, 143771, 683.61, 69
2026-07-16T13:29:30Z,100, 55, 116639, 143771, 702.68, 68
2026-07-16T13:29:32Z,100, 51, 116639, 143771, 675.01, 66
2026-07-16T13:29:34Z,100, 54, 116639, 143771, 707.09, 66
2026-07-16T13:29:36Z,100, 53, 116639, 143771, 688.69, 68
2026-07-16T13:29:38Z,100, 53, 116639, 143771, 687.45, 67
2026-07-16T13:29:40Z,66, 36, 116639, 143771, 661.68, 65
2026-07-16T13:29:42Z,100, 53, 116639, 143771, 694.23, 66
2026-07-16T13:29:44Z,100, 57, 116639, 143771, 695.03, 67
2026-07-16T13:29:46Z,100, 48, 116639, 143771, 698.08, 67
2026-07-16T13:29:48Z,100, 54, 116639, 143771, 693.91, 66
2026-07-16T13:29:50Z,100, 54, 116639, 143771, 685.53, 68
2026-07-16T13:29:52Z,100, 55, 116639, 143771, 690.50, 67
2026-07-16T13:29:54Z,100, 54, 116639, 143771, 690.82, 67
2026-07-16T13:29:56Z,100, 55, 116639, 143771, 689.03, 67
2026-07-16T13:29:59Z,100, 56, 116639, 143771, 706.30, 66
2026-07-16T13:30:01Z,100, 52, 116639, 143771, 691.61, 66
2026-07-16T13:30:03Z,100, 54, 116639, 143771, 689.99, 67
2026-07-16T13:30:05Z,100, 54, 116639, 143771, 660.35, 65
2026-07-16T13:30:07Z,100, 56, 116639, 143771, 690.21, 67
2026-07-16T13:30:09Z,100, 55, 116639, 143771, 688.99, 67
2026-07-16T13:30:11Z,100, 52, 116639, 143771, 693.64, 67
2026-07-16T13:30:13Z,100, 56, 116639, 143771, 693.46, 66
2026-07-16T13:30:15Z,100, 53, 116639, 143771, 679.99, 66
2026-07-16T13:30:17Z,100, 52, 116639, 143771, 682.83, 65
2026-07-16T13:30:19Z,100, 54, 116639, 143771, 691.40, 65
2026-07-16T13:30:21Z,100, 54, 116639, 143771, 681.99, 68
2026-07-16T13:30:23Z,100, 55, 116639, 143771, 702.71, 68
2026-07-16T13:30:25Z,100, 51, 116639, 143771, 689.92, 68
2026-07-16T13:30:27Z,100, 54, 116639, 143771, 682.97, 66
2026-07-16T13:30:29Z,56, 31, 116639, 143771, 667.53, 66
2026-07-16T13:30:31Z,100, 54, 116639, 143771, 691.83, 67
2026-07-16T13:30:33Z,100, 54, 116639, 143771, 696.18, 65
2026-07-16T13:30:35Z,100, 50, 116639, 143771, 693.85, 66
2026-07-16T13:30:37Z,100, 57, 116639, 143771, 686.47, 67
2026-07-16T13:30:39Z,100, 53, 116639, 143771, 680.78, 67
2026-07-16T13:30:41Z,100, 56, 116639, 143771, 695.08, 65
2026-07-16T13:30:43Z,100, 54, 116639, 143771, 687.20, 65
2026-07-16T13:30:45Z,100, 55, 116639, 143771, 680.18, 68
2026-07-16T13:30:47Z,100, 54, 116639, 143771, 690.08, 68
2026-07-16T13:30:49Z,100, 49, 116639, 143771, 683.58, 68
2026-07-16T13:30:51Z,100, 55, 116639, 143771, 682.91, 66
2026-07-16T13:30:53Z,80, 44, 116639, 143771, 678.62, 69
2026-07-16T13:30:55Z,100, 54, 116639, 143771, 696.69, 67
2026-07-16T13:30:57Z,100, 56, 116639, 143771, 688.79, 68
2026-07-16T13:30:59Z,100, 51, 116639, 143771, 693.60, 66
2026-07-16T13:31:01Z,100, 55, 116639, 143771, 701.00, 66
2026-07-16T13:31:03Z,100, 53, 116639, 143771, 692.74, 67
2026-07-16T13:31:05Z,100, 54, 116639, 143771, 683.02, 66
2026-07-16T13:31:07Z,100, 53, 116639, 143771, 697.41, 65
2026-07-16T13:31:09Z,100, 55, 116639, 143771, 684.68, 68
2026-07-16T13:31:11Z,100, 55, 116639, 143771, 691.37, 67
2026-07-16T13:31:13Z,100, 53, 116639, 143771, 690.10, 67
2026-07-16T13:31:15Z,100, 55, 116639, 143771, 691.23, 67
2026-07-16T13:31:17Z,92, 52, 116639, 143771, 683.08, 68
2026-07-16T13:31:19Z,100, 56, 116639, 143771, 695.40, 68
2026-07-16T13:31:21Z,100, 54, 116639, 143771, 685.41, 67
2026-07-16T13:31:24Z,100, 53, 116639, 143771, 693.54, 68
2026-07-16T13:31:26Z,100, 55, 116639, 143771, 687.03, 68
2026-07-16T13:31:28Z,100, 51, 116639, 143771, 687.36, 70
2026-07-16T13:31:30Z,100, 56, 116639, 143771, 688.31, 69
2026-07-16T13:31:32Z,100, 56, 116639, 143771, 697.66, 69
2026-07-16T13:31:34Z,100, 59, 116639, 143771, 686.45, 68
2026-07-16T13:31:36Z,100, 56, 116639, 143771, 688.92, 69
2026-07-16T13:31:38Z,100, 46, 116639, 143771, 693.67, 65
2026-07-16T13:31:40Z,100, 54, 116639, 143771, 684.59, 66
2026-07-16T13:31:42Z,100, 52, 116639, 143771, 690.55, 68
2026-07-16T13:31:44Z,100, 56, 116639, 143771, 694.83, 67
2026-07-16T13:31:46Z,100, 56, 116639, 143771, 703.06, 66
2026-07-16T13:31:48Z,100, 53, 116639, 143771, 694.98, 68
2026-07-16T13:31:50Z,100, 54, 116639, 143771, 680.48, 67
2026-07-16T13:31:52Z,100, 52, 116639, 143771, 682.17, 68
2026-07-16T13:31:54Z,100, 54, 116639, 143771, 689.53, 67
2026-07-16T13:31:56Z,100, 55, 116639, 143771, 683.04, 68
2026-07-16T13:31:58Z,100, 56, 116639, 143771, 689.42, 67
2026-07-16T13:32:00Z,100, 54, 116639, 143771, 689.13, 68
2026-07-16T13:32:02Z,100, 45, 116639, 143771, 695.47, 65
2026-07-16T13:32:04Z,100, 53, 116639, 143771, 688.32, 67
2026-07-16T13:32:06Z,100, 54, 116639, 143771, 670.09, 68
2026-07-16T13:32:08Z,100, 55, 116639, 143771, 694.72, 67
2026-07-16T13:32:10Z,100, 56, 116639, 143771, 687.68, 68
2026-07-16T13:32:12Z,100, 51, 116639, 143771, 689.21, 68
2026-07-16T13:32:14Z,100, 56, 116639, 143771, 683.23, 66
2026-07-16T13:32:16Z,100, 51, 116639, 143771, 685.95, 69
2026-07-16T13:32:18Z,100, 56, 116639, 143771, 698.19, 69
2026-07-16T13:32:20Z,100, 55, 116639, 143771, 688.92, 69
2026-07-16T13:32:22Z,100, 55, 116639, 143771, 691.09, 66
2026-07-16T13:32:24Z,100, 55, 116639, 143771, 690.47, 67
2026-07-16T13:32:26Z,100, 52, 116639, 143771, 700.30, 66
2026-07-16T13:32:28Z,100, 54, 116639, 143771, 683.46, 68
2026-07-16T13:32:30Z,100, 52, 116639, 143771, 671.52, 68
2026-07-16T13:32:32Z,100, 55, 116639, 143771, 698.80, 67
2026-07-16T13:32:34Z,100, 53, 116639, 143771, 691.28, 69
2026-07-16T13:32:36Z,100, 53, 116639, 143771, 688.26, 68
2026-07-16T13:32:38Z,100, 55, 116639, 143771, 688.54, 67
2026-07-16T13:32:40Z,100, 54, 116639, 143771, 690.95, 69
2026-07-16T13:32:42Z,100, 56, 116639, 143771, 683.22, 68
2026-07-16T13:32:44Z,100, 55, 116639, 143771, 686.19, 68
2026-07-16T13:32:47Z,100, 55, 116639, 143771, 695.14, 66
2026-07-16T13:32:49Z,100, 55, 116639, 143771, 688.25, 69
2026-07-16T13:32:51Z,100, 50, 116639, 143771, 701.22, 65
2026-07-16T13:32:53Z,100, 54, 116639, 143771, 690.10, 66
2026-07-16T13:32:55Z,100, 54, 116639, 143771, 684.49, 68
2026-07-16T13:32:57Z,100, 53, 116639, 143771, 689.06, 68
2026-07-16T13:32:59Z,100, 54, 116639, 143771, 686.25, 67
2026-07-16T13:33:01Z,100, 53, 116639, 143771, 691.77, 67
2026-07-16T13:33:03Z,100, 56, 116639, 143771, 685.59, 67
2026-07-16T13:33:05Z,100, 53, 116639, 143771, 689.07, 68
2026-07-16T13:33:07Z,100, 54, 116639, 143771, 704.76, 69
2026-07-16T13:33:09Z,100, 55, 116639, 143771, 696.77, 68
2026-07-16T13:33:11Z,100, 55, 116639, 143771, 692.33, 67
2026-07-16T13:33:13Z,100, 54, 116639, 143771, 692.54, 68
2026-07-16T13:33:15Z,100, 47, 116639, 143771, 686.38, 65
2026-07-16T13:33:17Z,100, 54, 116639, 143771, 685.14, 66
2026-07-16T13:33:19Z,67, 36, 116639, 143771, 675.26, 68
2026-07-16T13:33:21Z,100, 54, 116639, 143771, 692.16, 68
2026-07-16T13:33:23Z,100, 54, 116639, 143771, 678.83, 67
2026-07-16T13:33:25Z,100, 52, 116639, 143771, 693.84, 67
2026-07-16T13:33:27Z,100, 55, 116639, 143771, 678.02, 68
2026-07-16T13:33:29Z,100, 54, 116639, 143771, 688.55, 68
2026-07-16T13:33:31Z,100, 56, 116639, 143771, 687.68, 66
2026-07-16T13:33:33Z,100, 55, 116639, 143771, 684.16, 67
2026-07-16T13:33:35Z,100, 53, 116639, 143771, 688.43, 66
2026-07-16T13:33:37Z,100, 54, 116639, 143771, 687.78, 68
2026-07-16T13:33:39Z,100, 50, 116639, 143771, 702.11, 66
2026-07-16T13:33:41Z,100, 54, 116639, 143771, 694.96, 66
2026-07-16T13:33:43Z,6, 2, 116639, 143771, 575.90, 61
2026-07-16T13:33:45Z,86, 27, 116639, 143771, 564.41, 65
2026-07-16T13:33:47Z,90, 28, 116639, 143771, 590.51, 65
2026-07-16T13:33:49Z,87, 27, 116639, 143771, 570.40, 64
2026-07-16T13:33:51Z,85, 27, 116639, 143771, 568.22, 64
2026-07-16T13:33:53Z,84, 26, 116639, 143771, 575.64, 64
2026-07-16T13:33:55Z,82, 26, 116639, 143771, 567.98, 64
2026-07-16T13:33:57Z,78, 25, 116639, 143771, 543.93, 63
2026-07-16T13:33:59Z,90, 28, 116639, 143771, 585.23, 64
2026-07-16T13:34:01Z,83, 27, 116639, 143771, 568.90, 64
2026-07-16T13:34:03Z,87, 28, 116639, 143771, 575.21, 65
2026-07-16T13:34:05Z,86, 28, 116639, 143771, 573.56, 64
2026-07-16T13:34:07Z,93, 29, 116639, 143771, 578.86, 64
2026-07-16T13:34:09Z,90, 29, 116639, 143771, 578.80, 64
2026-07-16T13:34:12Z,89, 28, 116639, 143771, 577.99, 64
2026-07-16T13:34:14Z,86, 28, 116639, 143771, 567.22, 64
2026-07-16T13:34:16Z,91, 29, 116639, 143771, 591.79, 65
2026-07-16T13:34:18Z,90, 29, 116639, 143771, 594.35, 65
2026-07-16T13:34:20Z,91, 28, 116639, 143771, 588.64, 65
2026-07-16T13:34:22Z,85, 27, 116639, 143771, 594.79, 64
2026-07-16T13:34:24Z,82, 26, 116639, 143771, 570.04, 63
2026-07-16T13:34:26Z,85, 27, 116639, 143771, 563.09, 64
2026-07-16T13:34:28Z,84, 27, 116639, 143771, 563.45, 64
2026-07-16T13:34:30Z,88, 28, 116639, 143771, 565.59, 65
2026-07-16T13:34:32Z,90, 29, 116639, 143771, 592.99, 65
2026-07-16T13:34:34Z,85, 27, 116639, 143771, 576.60, 64
2026-07-16T13:34:36Z,84, 27, 116639, 143771, 585.32, 64
2026-07-16T13:34:38Z,85, 27, 116639, 143771, 580.56, 64
2026-07-16T13:34:40Z,86, 28, 116639, 143771, 580.32, 64
2026-07-16T13:34:42Z,86, 46, 116639, 143771, 221.16, 61
2026-07-16T13:34:44Z,100, 55, 116639, 143771, 690.81, 66
2026-07-16T13:34:46Z,100, 54, 116639, 143771, 688.61, 66
2026-07-16T13:34:48Z,100, 53, 116639, 143771, 696.52, 68
2026-07-16T13:34:50Z,100, 54, 116639, 143771, 685.02, 65
2026-07-16T13:34:52Z,100, 52, 116639, 143771, 682.09, 67
2026-07-16T13:34:54Z,100, 54, 116639, 143771, 700.27, 68
2026-07-16T13:34:56Z,100, 54, 116639, 143771, 689.49, 68
2026-07-16T13:34:58Z,100, 58, 116639, 143771, 688.42, 66
2026-07-16T13:35:00Z,100, 55, 116639, 143771, 684.53, 67
2026-07-16T13:35:02Z,100, 49, 116639, 143771, 677.20, 66
2026-07-16T13:35:04Z,100, 55, 116639, 143771, 691.05, 69
2026-07-16T13:35:06Z,100, 54, 116639, 143771, 674.66, 67
2026-07-16T13:35:08Z,100, 55, 116639, 143771, 690.22, 66
2026-07-16T13:35:10Z,100, 55, 116639, 143771, 685.07, 68
2026-07-16T13:35:12Z,100, 51, 116639, 143771, 690.43, 67
2026-07-16T13:35:14Z,100, 55, 116639, 143771, 688.84, 67
2026-07-16T13:35:16Z,100, 52, 116639, 143771, 694.39, 68
2026-07-16T13:35:18Z,100, 55, 116639, 143771, 687.36, 66
2026-07-16T13:35:20Z,100, 55, 116639, 143771, 696.90, 67
2026-07-16T13:35:22Z,100, 56, 116639, 143771, 685.29, 68
2026-07-16T13:35:24Z,100, 57, 116639, 143771, 694.20, 66
2026-07-16T13:35:26Z,100, 53, 116639, 143771, 704.88, 66
2026-07-16T13:35:28Z,100, 54, 116639, 143771, 679.37, 68
2026-07-16T13:35:30Z,56, 30, 116639, 143771, 686.05, 67
2026-07-16T13:35:32Z,100, 55, 116639, 143771, 695.99, 67
2026-07-16T13:35:34Z,100, 54, 116639, 143771, 697.19, 68
2026-07-16T13:35:36Z,100, 51, 116639, 143771, 693.51, 69
2026-07-16T13:35:39Z,100, 54, 116639, 143771, 690.03, 68
2026-07-16T13:35:41Z,100, 53, 116639, 143771, 682.88, 68
2026-07-16T13:35:43Z,100, 54, 116639, 143771, 687.27, 67
2026-07-16T13:35:45Z,100, 55, 116639, 143771, 687.09, 68
2026-07-16T13:35:47Z,100, 63, 116639, 143771, 684.90, 66
2026-07-16T13:35:49Z,100, 57, 116639, 143771, 686.88, 68
2026-07-16T13:35:51Z,100, 53, 116639, 143771, 684.03, 66
2026-07-16T13:35:53Z,100, 57, 116639, 143771, 692.10, 68
2026-07-16T13:35:55Z,100, 53, 116639, 143771, 670.90, 67
2026-07-16T13:35:57Z,100, 54, 116639, 143771, 692.14, 66
2026-07-16T13:35:59Z,100, 55, 116639, 143771, 694.26, 67
2026-07-16T13:36:01Z,100, 53, 116639, 143771, 693.26, 67
2026-07-16T13:36:03Z,100, 54, 116639, 143771, 683.83, 65
2026-07-16T13:36:05Z,100, 52, 116639, 143771, 683.55, 66
2026-07-16T13:36:07Z,100, 55, 116639, 143771, 693.26, 65
2026-07-16T13:36:09Z,100, 54, 116639, 143771, 688.64, 67
2026-07-16T13:36:11Z,100, 58, 116639, 143771, 683.71, 67
2026-07-16T13:36:13Z,100, 55, 116639, 143771, 694.81, 68
2026-07-16T13:36:15Z,100, 48, 116639, 143771, 699.25, 67
2026-07-16T13:36:17Z,100, 55, 116639, 143771, 689.45, 67
2026-07-16T13:36:19Z,100, 53, 116639, 143771, 677.12, 69
2026-07-16T13:36:21Z,100, 55, 116639, 143771, 689.98, 67
2026-07-16T13:36:23Z,100, 55, 116639, 143771, 693.71, 67
2026-07-16T13:36:25Z,100, 52, 116639, 143771, 694.34, 70
2026-07-16T13:36:27Z,100, 55, 116639, 143771, 711.16, 66
2026-07-16T13:36:29Z,100, 51, 116639, 143771, 689.99, 68
2026-07-16T13:36:31Z,100, 55, 116639, 143771, 684.43, 67
2026-07-16T13:36:33Z,100, 55, 116639, 143771, 696.33, 66
2026-07-16T13:36:35Z,100, 55, 116639, 143771, 688.91, 68
2026-07-16T13:36:37Z,100, 55, 116639, 143771, 705.37, 68
2026-07-16T13:36:39Z,100, 49, 116639, 143771, 696.05, 67
2026-07-16T13:36:41Z,100, 54, 116639, 143771, 688.96, 67
2026-07-16T13:36:43Z,100, 53, 116639, 143771, 676.13, 67
2026-07-16T13:36:45Z,100, 54, 116639, 143771, 685.91, 66
2026-07-16T13:36:47Z,100, 54, 116639, 143771, 684.05, 65
2026-07-16T13:36:49Z,100, 42, 116639, 143771, 684.97, 64
2026-07-16T13:36:51Z,100, 55, 116639, 143771, 696.55, 67
2026-07-16T13:36:53Z,100, 51, 116639, 143771, 695.63, 68
2026-07-16T13:36:55Z,100, 54, 116639, 143771, 686.41, 68
2026-07-16T13:36:57Z,100, 54, 116639, 143771, 679.91, 68
2026-07-16T13:36:59Z,100, 57, 116639, 143771, 693.64, 66
2026-07-16T13:37:01Z,100, 53, 116639, 143771, 699.85, 67
2026-07-16T13:37:04Z,100, 49, 116639, 143771, 694.42, 66
2026-07-16T13:37:06Z,100, 55, 116639, 143771, 686.86, 66
2026-07-16T13:37:08Z,100, 53, 116639, 143771, 680.75, 68
2026-07-16T13:37:10Z,100, 55, 116639, 143771, 691.00, 68
2026-07-16T13:37:12Z,100, 55, 116639, 143771, 691.68, 68
2026-07-16T13:37:14Z,100, 42, 116639, 143771, 696.22, 67
2026-07-16T13:37:16Z,100, 55, 116639, 143771, 693.59, 68
2026-07-16T13:37:18Z,100, 51, 116639, 143771, 686.74, 67
2026-07-16T13:37:20Z,100, 56, 116639, 143771, 694.17, 66
2026-07-16T13:37:22Z,100, 56, 116639, 143771, 674.47, 63
2026-07-16T13:37:24Z,100, 55, 116639, 143771, 695.17, 67
2026-07-16T13:37:26Z,100, 55, 116639, 143771, 706.18, 68
2026-07-16T13:37:28Z,100, 50, 116639, 143771, 694.75, 67
2026-07-16T13:37:30Z,100, 55, 116639, 143771, 689.69, 66
2026-07-16T13:37:32Z,100, 52, 116639, 143771, 687.23, 67
2026-07-16T13:37:34Z,100, 56, 116639, 143771, 687.72, 67
2026-07-16T13:37:36Z,100, 55, 116639, 143771, 705.42, 69
2026-07-16T13:37:38Z,100, 53, 116639, 143771, 687.36, 67
2026-07-16T13:37:40Z,100, 55, 116639, 143771, 685.21, 67
2026-07-16T13:37:42Z,100, 51, 116639, 143771, 691.06, 67
2026-07-16T13:37:44Z,100, 55, 116639, 143771, 681.33, 68
2026-07-16T13:37:46Z,100, 55, 116639, 143771, 696.45, 68
2026-07-16T13:37:48Z,100, 55, 116639, 143771, 695.47, 65
2026-07-16T13:37:50Z,100, 54, 116639, 143771, 693.30, 66
2026-07-16T13:37:52Z,100, 51, 116639, 143771, 697.70, 68
2026-07-16T13:37:54Z,100, 55, 116639, 143771, 694.90, 66
2026-07-16T13:37:56Z,100, 51, 116639, 143771, 690.83, 69
2026-07-16T13:37:58Z,100, 55, 116639, 143771, 697.48, 66
2026-07-16T13:38:00Z,100, 55, 116639, 143771, 691.67, 66
2026-07-16T13:38:02Z,100, 52, 116639, 143771, 691.62, 67
2026-07-16T13:38:04Z,100, 56, 116639, 143771, 701.96, 66
2026-07-16T13:38:06Z,100, 52, 116639, 143771, 691.61, 67
2026-07-16T13:38:08Z,100, 55, 116639, 143771, 690.02, 67
2026-07-16T13:38:10Z,100, 56, 116639, 143771, 694.44, 68
2026-07-16T13:38:12Z,100, 55, 116639, 143771, 685.11, 68
2026-07-16T13:38:14Z,100, 55, 116639, 143771, 692.68, 67
2026-07-16T13:38:16Z,100, 49, 116639, 143771, 696.56, 65
2026-07-16T13:38:18Z,100, 55, 116639, 143771, 692.71, 67
2026-07-16T13:38:20Z,100, 53, 116639, 143771, 666.59, 68
2026-07-16T13:38:22Z,100, 55, 116639, 143771, 689.61, 66
2026-07-16T13:38:24Z,100, 54, 116639, 143771, 691.36, 67
2026-07-16T13:38:26Z,100, 51, 116639, 143771, 693.14, 66
2026-07-16T13:38:28Z,100, 56, 116639, 143771, 690.28, 68
2026-07-16T13:38:31Z,100, 53, 116639, 143771, 688.32, 69
2026-07-16T13:38:33Z,100, 55, 116639, 143771, 696.31, 67
2026-07-16T13:38:35Z,100, 55, 116639, 143771, 702.57, 68
2026-07-16T13:38:37Z,100, 56, 116639, 143771, 691.74, 68
2026-07-16T13:38:39Z,100, 55, 116639, 143771, 692.25, 68
2026-07-16T13:38:41Z,100, 51, 116639, 143771, 694.97, 66
2026-07-16T13:38:43Z,100, 53, 116639, 143771, 688.58, 67
2026-07-16T13:38:45Z,100, 54, 116639, 143771, 680.55, 66
2026-07-16T13:38:47Z,100, 56, 116639, 143771, 692.50, 66
2026-07-16T13:38:49Z,100, 56, 116639, 143771, 694.49, 66
2026-07-16T13:38:51Z,100, 53, 116639, 143771, 695.23, 67
2026-07-16T13:38:53Z,100, 56, 116639, 143771, 703.07, 69
2026-07-16T13:38:55Z,100, 53, 116639, 143771, 693.69, 67
2026-07-16T13:38:57Z,100, 56, 116639, 143771, 692.09, 68
2026-07-16T13:38:59Z,100, 54, 116639, 143771, 701.62, 68
2026-07-16T13:39:01Z,100, 56, 116639, 143771, 673.55, 68
2026-07-16T13:39:03Z,100, 54, 116639, 143771, 682.95, 67
2026-07-16T13:39:05Z,100, 49, 116639, 143771, 702.12, 66
2026-07-16T13:39:07Z,100, 53, 116639, 143771, 688.01, 66
2026-07-16T13:39:09Z,100, 52, 116639, 143771, 674.61, 67
2026-07-16T13:39:11Z,100, 55, 116639, 143771, 693.02, 68
2026-07-16T13:39:13Z,100, 54, 116639, 143771, 703.35, 69
2026-07-16T13:39:15Z,100, 53, 116639, 143771, 695.19, 68
2026-07-16T13:39:17Z,100, 54, 116639, 143771, 688.42, 67
2026-07-16T13:39:19Z,100, 51, 116639, 143771, 689.72, 68
2026-07-16T13:39:21Z,100, 55, 116639, 143771, 691.35, 67
2026-07-16T13:39:23Z,100, 55, 116639, 143771, 702.25, 67
2026-07-16T13:39:25Z,100, 49, 116639, 143771, 682.87, 68
2026-07-16T13:39:27Z,100, 55, 116639, 143771, 694.37, 68
2026-07-16T13:39:29Z,100, 48, 116639, 143771, 699.85, 67
2026-07-16T13:39:31Z,100, 53, 116639, 143771, 683.91, 67
2026-07-16T13:39:33Z,100, 54, 116639, 143771, 675.16, 66
2026-07-16T13:39:35Z,100, 54, 116639, 143771, 694.37, 66
2026-07-16T13:39:37Z,100, 55, 116639, 143771, 689.05, 66
2026-07-16T13:39:39Z,100, 52, 116639, 143771, 694.83, 67
2026-07-16T13:39:41Z,100, 55, 116639, 143771, 696.87, 68
2026-07-16T13:39:43Z,100, 52, 116639, 143771, 689.89, 69
2026-07-16T13:39:45Z,100, 55, 116639, 143771, 688.56, 68
2026-07-16T13:39:47Z,100, 56, 116639, 143771, 684.04, 68
2026-07-16T13:39:49Z,100, 56, 116639, 143771, 680.90, 68
2026-07-16T13:39:51Z,100, 54, 116639, 143771, 687.44, 67
2026-07-16T13:39:53Z,100, 49, 116639, 143771, 696.18, 66
2026-07-16T13:39:56Z,100, 54, 116639, 143771, 689.64, 65
2026-07-16T13:39:58Z,100, 54, 116639, 143771, 682.54, 67
2026-07-16T13:40:00Z,100, 55, 116639, 143771, 699.36, 66
2026-07-16T13:40:02Z,100, 55, 116639, 143771, 680.11, 67
2026-07-16T13:40:04Z,100, 53, 116639, 143771, 689.90, 65
2026-07-16T13:40:06Z,100, 54, 116639, 143771, 691.36, 67
2026-07-16T13:40:08Z,100, 50, 116639, 143771, 678.69, 67
2026-07-16T13:40:10Z,100, 55, 116639, 143771, 680.69, 68
2026-07-16T13:40:12Z,100, 55, 116639, 143771, 664.24, 66
2026-07-16T13:40:14Z,100, 56, 116639, 143771, 690.33, 68
2026-07-16T13:40:16Z,100, 54, 116639, 143771, 684.57, 67
2026-07-16T13:40:18Z,100, 50, 116639, 143771, 698.01, 66
2026-07-16T13:40:20Z,100, 56, 116639, 143771, 703.68, 66
2026-07-16T13:40:22Z,100, 53, 116639, 143771, 683.24, 68
2026-07-16T13:40:24Z,100, 55, 116639, 143771, 690.68, 68
2026-07-16T13:40:26Z,100, 55, 116639, 143771, 683.12, 68
2026-07-16T13:40:28Z,100, 53, 116639, 143771, 688.61, 71
2026-07-16T13:40:30Z,100, 54, 116639, 143771, 690.61, 67
2026-07-16T13:40:32Z,100, 52, 116639, 143771, 695.04, 69
2026-07-16T13:40:34Z,100, 53, 116639, 143771, 686.89, 67
2026-07-16T13:40:36Z,65, 36, 116639, 143771, 662.66, 67
2026-07-16T13:40:38Z,100, 54, 116639, 143771, 690.48, 66
2026-07-16T13:40:40Z,100, 55, 116639, 143771, 681.55, 67
2026-07-16T13:40:42Z,100, 51, 116639, 143771, 688.94, 66
2026-07-16T13:40:44Z,100, 54, 116639, 143771, 697.96, 68
2026-07-16T13:40:46Z,100, 53, 116639, 143771, 680.58, 68
2026-07-16T13:40:48Z,100, 54, 116639, 143771, 693.76, 66
2026-07-16T13:40:50Z,100, 56, 116639, 143771, 688.89, 66
2026-07-16T13:40:52Z,100, 64, 116639, 143771, 696.59, 68
2026-07-16T13:40:54Z,100, 56, 116639, 143771, 692.41, 68
2026-07-16T13:40:56Z,100, 52, 116639, 143771, 693.82, 68
2026-07-16T13:40:58Z,100, 54, 116639, 143771, 689.83, 68
2026-07-16T13:41:00Z,100, 54, 116639, 143771, 666.02, 66
2026-07-16T13:41:02Z,100, 54, 116639, 143771, 698.77, 66
2026-07-16T13:41:04Z,100, 56, 116639, 143771, 690.84, 66
2026-07-16T13:41:06Z,100, 48, 116639, 143771, 694.91, 66
2026-07-16T13:41:08Z,100, 55, 116639, 143771, 692.18, 68
2026-07-16T13:41:10Z,100, 52, 116639, 143771, 682.22, 67
2026-07-16T13:41:12Z,100, 54, 116639, 143771, 698.06, 68
2026-07-16T13:41:14Z,100, 55, 116639, 143771, 701.50, 68
2026-07-16T13:41:16Z,100, 52, 116639, 143771, 698.64, 69
2026-07-16T13:41:18Z,100, 56, 116639, 143771, 685.95, 68
2026-07-16T13:41:21Z,100, 53, 116639, 143771, 687.38, 69
2026-07-16T13:41:23Z,100, 56, 116639, 143771, 694.74, 66
2026-07-16T13:41:25Z,100, 55, 116639, 143771, 706.17, 66
2026-07-16T13:41:27Z,100, 55, 116639, 143771, 690.43, 67
2026-07-16T13:41:29Z,100, 54, 116639, 143771, 689.02, 66
2026-07-16T13:41:31Z,100, 50, 116639, 143771, 696.72, 67
2026-07-16T13:41:33Z,100, 55, 116639, 143771, 698.63, 65
2026-07-16T13:41:35Z,100, 52, 116639, 143771, 687.46, 66
2026-07-16T13:41:37Z,100, 55, 116639, 143771, 689.95, 66
2026-07-16T13:41:39Z,100, 56, 116639, 143771, 681.63, 65
2026-07-16T13:41:41Z,100, 64, 116639, 143771, 684.80, 63
2026-07-16T13:41:43Z,100, 57, 116639, 143771, 691.15, 67
2026-07-16T13:41:45Z,100, 50, 116639, 143771, 687.04, 67
2026-07-16T13:41:47Z,100, 54, 116639, 143771, 695.02, 67
2026-07-16T13:41:49Z,100, 54, 116639, 143771, 701.81, 68
2026-07-16T13:41:51Z,100, 54, 116639, 143771, 700.84, 67
2026-07-16T13:41:53Z,100, 56, 116639, 143771, 686.08, 65
2026-07-16T13:41:55Z,100, 48, 116639, 143771, 695.58, 67
2026-07-16T13:41:57Z,100, 55, 116639, 143771, 697.88, 68
2026-07-16T13:41:59Z,100, 52, 116639, 143771, 677.12, 66
2026-07-16T13:42:01Z,100, 56, 116639, 143771, 687.73, 68
2026-07-16T13:42:03Z,100, 54, 116639, 143771, 682.32, 67
2026-07-16T13:42:05Z,100, 47, 116639, 143771, 682.92, 65
2026-07-16T13:42:07Z,100, 55, 116639, 143771, 688.24, 67
2026-07-16T13:42:09Z,100, 52, 116639, 143771, 694.16, 68
2026-07-16T13:42:11Z,100, 53, 116639, 143771, 700.96, 67
2026-07-16T13:42:13Z,100, 54, 116639, 143771, 679.20, 69
2026-07-16T13:42:15Z,100, 55, 116639, 143771, 705.48, 69
2026-07-16T13:42:17Z,100, 54, 116639, 143771, 682.83, 68
2026-07-16T13:42:19Z,100, 51, 116639, 143771, 701.14, 67
2026-07-16T13:42:21Z,100, 55, 116639, 143771, 687.57, 68
2026-07-16T13:42:23Z,100, 53, 116639, 143771, 685.75, 69
2026-07-16T13:42:25Z,100, 57, 116639, 143771, 687.80, 67
2026-07-16T13:42:27Z,100, 55, 116639, 143771, 701.92, 67
2026-07-16T13:42:29Z,100, 58, 116639, 143771, 682.00, 67
2026-07-16T13:42:31Z,100, 56, 116639, 143771, 699.78, 67
2026-07-16T13:42:33Z,100, 53, 116639, 143771, 692.96, 68
2026-07-16T13:42:35Z,100, 54, 116639, 143771, 684.83, 66
2026-07-16T13:42:37Z,100, 53, 116639, 143771, 673.59, 67
2026-07-16T13:42:39Z,100, 53, 116639, 143771, 696.52, 69
2026-07-16T13:42:41Z,100, 55, 116639, 143771, 703.31, 68
2026-07-16T13:42:43Z,100, 50, 116639, 143771, 695.37, 68
2026-07-16T13:42:46Z,100, 54, 116639, 143771, 685.98, 69
2026-07-16T13:42:48Z,80, 26, 116639, 143771, 538.17, 65
2026-07-16T13:42:50Z,94, 29, 116639, 143771, 603.02, 67
2026-07-16T13:42:52Z,91, 29, 116639, 143771, 592.71, 67
2026-07-16T13:42:54Z,87, 28, 116639, 143771, 562.42, 66
2026-07-16T13:42:56Z,84, 27, 116639, 143771, 573.81, 65
2026-07-16T13:42:58Z,88, 28, 116639, 143771, 557.57, 65
2026-07-16T13:43:00Z,87, 28, 116639, 143771, 542.93, 65
2026-07-16T13:43:02Z,89, 29, 116639, 143771, 583.77, 64
2026-07-16T13:43:04Z,88, 29, 116639, 143771, 596.48, 64
2026-07-16T13:43:06Z,85, 27, 116639, 143771, 574.64, 64
2026-07-16T13:43:08Z,82, 26, 116639, 143771, 577.97, 63
2026-07-16T13:43:10Z,90, 28, 116639, 143771, 582.54, 64
2026-07-16T13:43:12Z,86, 28, 116639, 143771, 578.54, 64
2026-07-16T13:43:14Z,84, 27, 116639, 143771, 567.71, 63
2026-07-16T13:43:16Z,92, 29, 116639, 143771, 569.33, 63
2026-07-16T13:43:18Z,80, 25, 116639, 143771, 578.62, 62
2026-07-16T13:43:20Z,89, 28, 116639, 143771, 554.69, 62
2026-07-16T13:43:22Z,80, 25, 116639, 143771, 546.32, 61
2026-07-16T13:43:24Z,89, 28, 116639, 143771, 563.70, 62
2026-07-16T13:43:26Z,86, 28, 116639, 143771, 596.11, 62
2026-07-16T13:43:28Z,91, 29, 116639, 143771, 593.72, 64
2026-07-16T13:43:30Z,92, 28, 116639, 143771, 598.33, 63
2026-07-16T13:43:32Z,81, 26, 116639, 143771, 576.94, 63
2026-07-16T13:43:34Z,88, 28, 116639, 143771, 567.45, 64
2026-07-16T13:43:36Z,87, 28, 116639, 143771, 584.83, 64
2026-07-16T13:43:38Z,89, 29, 116639, 143771, 566.86, 64
2026-07-16T13:43:40Z,85, 27, 116639, 143771, 580.70, 64
2026-07-16T13:43:42Z,79, 25, 116639, 143771, 551.76, 64
2026-07-16T13:43:44Z,88, 28, 116639, 143771, 551.85, 63
2026-07-16T13:43:46Z,100, 53, 116639, 143771, 504.61, 64
2026-07-16T13:43:48Z,100, 53, 116639, 143771, 685.74, 65
2026-07-16T13:43:50Z,100, 54, 116639, 143771, 679.08, 66
2026-07-16T13:43:52Z,100, 56, 116639, 143771, 680.08, 67
2026-07-16T13:43:54Z,100, 54, 116639, 143771, 683.13, 67
2026-07-16T13:43:56Z,100, 48, 116639, 143771, 695.46, 66
2026-07-16T13:43:58Z,100, 54, 116639, 143771, 693.33, 68
2026-07-16T13:44:00Z,100, 54, 116639, 143771, 673.29, 67
2026-07-16T13:44:02Z,100, 54, 116639, 143771, 698.11, 68
2026-07-16T13:44:04Z,100, 54, 116639, 143771, 706.87, 68
2026-07-16T13:44:06Z,100, 52, 116639, 143771, 688.95, 70
2026-07-16T13:44:08Z,100, 54, 116639, 143771, 689.05, 67
2026-07-16T13:44:10Z,100, 52, 116639, 143771, 686.32, 67
2026-07-16T13:44:13Z,100, 56, 116639, 143771, 700.80, 66
2026-07-16T13:44:15Z,100, 56, 116639, 143771, 697.67, 66
2026-07-16T13:44:17Z,100, 53, 116639, 143771, 691.84, 68
2026-07-16T13:44:19Z,100, 55, 116639, 143771, 712.98, 69
2026-07-16T13:44:21Z,100, 46, 116639, 143771, 696.96, 67
2026-07-16T13:44:23Z,100, 55, 116639, 143771, 681.00, 68
2026-07-16T13:44:25Z,100, 54, 116639, 143771, 691.15, 69
2026-07-16T13:44:27Z,100, 54, 116639, 143771, 680.81, 68
2026-07-16T13:44:29Z,100, 55, 116639, 143771, 676.88, 68
2026-07-16T13:44:31Z,100, 50, 116639, 143771, 695.13, 69
2026-07-16T13:44:33Z,100, 55, 116639, 143771, 685.87, 68
2026-07-16T13:44:35Z,100, 53, 116639, 143771, 694.50, 67
2026-07-16T13:44:37Z,100, 55, 116639, 143771, 697.82, 67
2026-07-16T13:44:39Z,100, 54, 116639, 143771, 680.25, 66
2026-07-16T13:44:41Z,100, 54, 116639, 143771, 692.23, 67
2026-07-16T13:44:43Z,100, 56, 116639, 143771, 694.16, 68
2026-07-16T13:44:45Z,100, 48, 116639, 143771, 695.24, 67
2026-07-16T13:44:47Z,100, 55, 116639, 143771, 694.66, 67
2026-07-16T13:44:49Z,100, 52, 116639, 143771, 683.15, 68
2026-07-16T13:44:51Z,100, 57, 116639, 143771, 685.64, 68
2026-07-16T13:44:53Z,100, 55, 116639, 143771, 684.16, 66
2026-07-16T13:44:55Z,100, 43, 116639, 143771, 691.74, 66
2026-07-16T13:44:57Z,100, 56, 116639, 143771, 692.93, 67
2026-07-16T13:44:59Z,100, 53, 116639, 143771, 691.96, 68
2026-07-16T13:45:01Z,100, 53, 116639, 143771, 690.99, 66
2026-07-16T13:45:03Z,100, 55, 116639, 143771, 666.30, 65
2026-07-16T13:45:05Z,100, 53, 116639, 143771, 699.77, 69
2026-07-16T13:45:07Z,100, 53, 116639, 143771, 685.98, 68
2026-07-16T13:45:09Z,100, 50, 116639, 143771, 695.80, 67
2026-07-16T13:45:11Z,100, 54, 116639, 143771, 689.85, 67
2026-07-16T13:45:13Z,100, 53, 116639, 143771, 680.99, 70
2026-07-16T13:45:15Z,100, 57, 116639, 143771, 688.09, 69
2026-07-16T13:45:17Z,100, 56, 116639, 143771, 699.76, 70
2026-07-16T13:45:19Z,100, 47, 116639, 143771, 683.01, 65
2026-07-16T13:45:21Z,100, 54, 116639, 143771, 705.20, 69
2026-07-16T13:45:23Z,100, 50, 116639, 143771, 685.82, 68
2026-07-16T13:45:25Z,100, 53, 116639, 143771, 694.34, 66
2026-07-16T13:45:27Z,100, 54, 116639, 143771, 680.00, 67
2026-07-16T13:45:29Z,100, 56, 116639, 143771, 695.92, 68
2026-07-16T13:45:31Z,100, 54, 116639, 143771, 686.35, 68
2026-07-16T13:45:33Z,100, 52, 116639, 143771, 694.43, 70
2026-07-16T13:45:36Z,100, 55, 116639, 143771, 690.40, 66
2026-07-16T13:45:38Z,100, 52, 116639, 143771, 677.65, 69
2026-07-16T13:45:40Z,100, 55, 116639, 143771, 696.14, 68
2026-07-16T13:45:42Z,100, 54, 116639, 143771, 684.72, 68
2026-07-16T13:45:44Z,100, 55, 116639, 143771, 686.09, 71
2026-07-16T13:45:46Z,100, 56, 116639, 143771, 683.15, 69
2026-07-16T13:45:48Z,100, 52, 116639, 143771, 688.01, 67
2026-07-16T13:45:50Z,100, 54, 116639, 143771, 688.07, 67
2026-07-16T13:45:52Z,100, 56, 116639, 143771, 673.85, 62
2026-07-16T13:45:54Z,100, 56, 116639, 143771, 692.39, 67
2026-07-16T13:45:56Z,100, 55, 116639, 143771, 681.07, 68
2026-07-16T13:45:58Z,100, 47, 116639, 143771, 693.04, 67
2026-07-16T13:46:00Z,100, 55, 116639, 143771, 684.33, 66
2026-07-16T13:46:02Z,100, 52, 116639, 143771, 689.06, 68
2026-07-16T13:46:04Z,100, 55, 116639, 143771, 692.63, 66
2026-07-16T13:46:06Z,100, 55, 116639, 143771, 690.65, 66
2026-07-16T13:46:08Z,100, 51, 116639, 143771, 689.29, 65
2026-07-16T13:46:10Z,100, 56, 116639, 143771, 683.80, 68
2026-07-16T13:46:12Z,100, 53, 116639, 143771, 690.05, 68
2026-07-16T13:46:14Z,100, 55, 116639, 143771, 692.27, 66
2026-07-16T13:46:16Z,100, 55, 116639, 143771, 699.61, 66
2026-07-16T13:46:18Z,100, 51, 116639, 143771, 690.74, 67
2026-07-16T13:46:20Z,100, 53, 116639, 143771, 682.57, 67
2026-07-16T13:46:22Z,100, 52, 116639, 143771, 690.85, 66
2026-07-16T13:46:24Z,100, 55, 116639, 143771, 706.95, 66
2026-07-16T13:46:26Z,100, 54, 116639, 143771, 674.39, 67
2026-07-16T13:46:28Z,100, 54, 116639, 143771, 693.79, 67
2026-07-16T13:46:30Z,100, 54, 116639, 143771, 683.56, 67
2026-07-16T13:46:32Z,100, 53, 116639, 143771, 697.90, 66
2026-07-16T13:46:34Z,100, 57, 116639, 143771, 688.85, 67
2026-07-16T13:46:36Z,100, 52, 116639, 143771, 689.98, 69
2026-07-16T13:46:38Z,100, 55, 116639, 143771, 687.05, 67
2026-07-16T13:46:40Z,100, 54, 116639, 143771, 680.69, 67
2026-07-16T13:46:42Z,100, 55, 116639, 143771, 689.09, 65
2026-07-16T13:46:44Z,100, 53, 116639, 143771, 692.42, 67
2026-07-16T13:46:46Z,100, 50, 116639, 143771, 694.34, 67
2026-07-16T13:46:48Z,100, 53, 116639, 143771, 690.76, 67
2026-07-16T13:46:50Z,100, 51, 116639, 143771, 690.92, 68
2026-07-16T13:46:52Z,100, 55, 116639, 143771, 684.17, 67
2026-07-16T13:46:54Z,100, 55, 116639, 143771, 686.53, 67
2026-07-16T13:46:57Z,100, 49, 116639, 143771, 684.61, 67
2026-07-16T13:46:59Z,100, 53, 116639, 143771, 681.80, 67
2026-07-16T13:47:01Z,100, 52, 116639, 143771, 688.15, 66
2026-07-16T13:47:03Z,100, 53, 116639, 143771, 689.52, 67
2026-07-16T13:47:05Z,72, 39, 116639, 143771, 673.85, 66
2026-07-16T13:47:07Z,100, 54, 116639, 143771, 692.86, 67
2026-07-16T13:47:09Z,100, 54, 116639, 143771, 692.41, 67
2026-07-16T13:47:11Z,100, 52, 116639, 143771, 693.77, 66
2026-07-16T13:47:13Z,100, 54, 116639, 143771, 690.83, 68
2026-07-16T13:47:15Z,100, 52, 116639, 143771, 690.06, 69
2026-07-16T13:47:17Z,100, 55, 116639, 143771, 683.59, 67
2026-07-16T13:47:19Z,100, 56, 116639, 143771, 684.37, 67
2026-07-16T13:47:21Z,100, 62, 116639, 143771, 685.30, 67
2026-07-16T13:47:23Z,100, 55, 116639, 143771, 688.47, 68
2026-07-16T13:47:25Z,100, 53, 116639, 143771, 688.61, 67
2026-07-16T13:47:27Z,100, 57, 116639, 143771, 691.27, 68
2026-07-16T13:47:29Z,100, 55, 116639, 143771, 668.74, 61
2026-07-16T13:47:31Z,100, 55, 116639, 143771, 689.36, 65
2026-07-16T13:47:33Z,100, 53, 116639, 143771, 691.49, 66
2026-07-16T13:47:35Z,100, 47, 116639, 143771, 693.64, 66
2026-07-16T13:47:37Z,100, 56, 116639, 143771, 692.55, 67
2026-07-16T13:47:39Z,100, 53, 116639, 143771, 687.96, 69
2026-07-16T13:47:41Z,100, 54, 116639, 143771, 695.72, 67
2026-07-16T13:47:43Z,100, 54, 116639, 143771, 686.72, 68
2026-07-16T13:47:45Z,100, 48, 116639, 143771, 688.58, 67
2026-07-16T13:47:47Z,100, 56, 116639, 143771, 686.98, 66
2026-07-16T13:47:49Z,100, 52, 116639, 143771, 690.05, 67
2026-07-16T13:47:51Z,100, 55, 116639, 143771, 675.98, 68
2026-07-16T13:47:53Z,100, 54, 116639, 143771, 677.99, 67
2026-07-16T13:47:55Z,100, 54, 116639, 143771, 700.21, 67
2026-07-16T13:47:57Z,100, 55, 116639, 143771, 690.04, 69
2026-07-16T13:47:59Z,100, 53, 116639, 143771, 698.07, 68
2026-07-16T13:48:01Z,100, 53, 116639, 143771, 688.22, 68
2026-07-16T13:48:03Z,100, 52, 116639, 143771, 685.58, 67
2026-07-16T13:48:05Z,100, 54, 116639, 143771, 687.75, 66
2026-07-16T13:48:07Z,100, 54, 116639, 143771, 694.55, 67
2026-07-16T13:48:09Z,100, 44, 116639, 143771, 683.54, 66
2026-07-16T13:48:11Z,100, 53, 116639, 143771, 706.64, 66
2026-07-16T13:48:13Z,100, 51, 116639, 143771, 693.13, 69
2026-07-16T13:48:15Z,100, 54, 116639, 143771, 688.79, 67
2026-07-16T13:48:17Z,57, 33, 116639, 143771, 661.30, 66
2026-07-16T13:48:19Z,100, 53, 116639, 143771, 696.16, 68
2026-07-16T13:48:22Z,100, 53, 116639, 143771, 693.23, 67
2026-07-16T13:48:24Z,100, 52, 116639, 143771, 697.99, 67
2026-07-16T13:48:26Z,100, 56, 116639, 143771, 689.38, 68
2026-07-16T13:48:28Z,100, 53, 116639, 143771, 691.85, 70
2026-07-16T13:48:30Z,100, 55, 116639, 143771, 682.97, 67
2026-07-16T13:48:32Z,100, 55, 116639, 143771, 705.60, 67
2026-07-16T13:48:34Z,100, 56, 116639, 143771, 692.49, 68
2026-07-16T13:48:36Z,100, 53, 116639, 143771, 688.18, 69
2026-07-16T13:48:38Z,100, 51, 116639, 143771, 689.24, 66
2026-07-16T13:48:40Z,100, 53, 116639, 143771, 688.03, 68
2026-07-16T13:48:42Z,56, 32, 116639, 143771, 668.90, 68
2026-07-16T13:48:44Z,100, 55, 116639, 143771, 690.78, 67
2026-07-16T13:48:46Z,100, 53, 116639, 143771, 691.15, 66
2026-07-16T13:48:48Z,100, 52, 116639, 143771, 691.44, 68
2026-07-16T13:48:50Z,100, 56, 116639, 143771, 689.38, 68
2026-07-16T13:48:52Z,100, 50, 116639, 143771, 599.90, 68
2026-07-16T13:48:54Z,82, 26, 116639, 143771, 514.30, 65
2026-07-16T13:48:56Z,93, 30, 116639, 143771, 614.00, 67
2026-07-16T13:48:58Z,85, 27, 116639, 143771, 587.11, 65
2026-07-16T13:49:00Z,90, 28, 116639, 143771, 583.20, 65
2026-07-16T13:49:02Z,88, 28, 116639, 143771, 608.72, 65
2026-07-16T13:49:04Z,83, 27, 116639, 143771, 556.08, 65
2026-07-16T13:49:06Z,89, 28, 116639, 143771, 564.53, 65
2026-07-16T13:49:08Z,85, 26, 116639, 143771, 550.11, 64
2026-07-16T13:49:10Z,83, 27, 116639, 143771, 584.22, 64
2026-07-16T13:49:12Z,88, 28, 116639, 143771, 586.81, 66
2026-07-16T13:49:14Z,88, 28, 116639, 143771, 589.87, 65
2026-07-16T13:49:16Z,87, 28, 116639, 143771, 584.70, 65
2026-07-16T13:49:18Z,90, 29, 116639, 143771, 598.66, 65
2026-07-16T13:49:20Z,90, 28, 116639, 143771, 581.89, 65
2026-07-16T13:49:22Z,83, 27, 116639, 143771, 584.26, 65
2026-07-16T13:49:24Z,88, 28, 116639, 143771, 590.45, 65
2026-07-16T13:49:26Z,92, 29, 116639, 143771, 591.71, 64
2026-07-16T13:49:28Z,92, 30, 116639, 143771, 597.80, 65
2026-07-16T13:49:30Z,91, 29, 116639, 143771, 589.26, 65
2026-07-16T13:49:32Z,89, 28, 116639, 143771, 594.24, 65
2026-07-16T13:49:34Z,85, 28, 116639, 143771, 577.30, 64
2026-07-16T13:49:36Z,79, 26, 116639, 143771, 559.21, 64
2026-07-16T13:49:38Z,91, 28, 116639, 143771, 566.11, 65
2026-07-16T13:49:40Z,86, 28, 116639, 143771, 576.71, 64
2026-07-16T13:49:42Z,84, 27, 116639, 143771, 566.08, 64
2026-07-16T13:49:44Z,88, 28, 116639, 143771, 587.74, 64
2026-07-16T13:49:47Z,86, 27, 116639, 143771, 577.88, 65
2026-07-16T13:49:49Z,87, 28, 116639, 143771, 571.65, 65
2026-07-16T13:49:51Z,3, 0, 116639, 143771, 138.85, 53
2026-07-16T13:49:53Z,86, 28, 116639, 143771, 468.11, 62
2026-07-16T13:49:55Z,88, 28, 116639, 143771, 584.81, 64
2026-07-16T13:49:57Z,90, 29, 116639, 143771, 595.42, 64
2026-07-16T13:49:59Z,94, 30, 116639, 143771, 584.35, 65
2026-07-16T13:50:01Z,90, 28, 116639, 143771, 578.34, 64
2026-07-16T13:50:03Z,87, 28, 116639, 143771, 567.82, 64
2026-07-16T13:50:05Z,84, 27, 116639, 143771, 575.65, 64
2026-07-16T13:50:07Z,88, 28, 116639, 143771, 580.69, 64
2026-07-16T13:50:09Z,89, 28, 116639, 143771, 580.96, 64
2026-07-16T13:50:11Z,84, 27, 116639, 143771, 593.44, 64
2026-07-16T13:50:13Z,90, 28, 116639, 143771, 581.81, 65
2026-07-16T13:50:15Z,86, 27, 116639, 143771, 574.84, 64
2026-07-16T13:50:17Z,88, 28, 116639, 143771, 598.21, 65
2026-07-16T13:50:19Z,93, 29, 116639, 143771, 595.88, 65
2026-07-16T13:50:21Z,84, 27, 116639, 143771, 579.28, 64
2026-07-16T13:50:23Z,92, 29, 116639, 143771, 592.52, 64
2026-07-16T13:50:25Z,83, 27, 116639, 143771, 569.47, 64
2026-07-16T13:50:27Z,91, 29, 116639, 143771, 561.54, 64
2026-07-16T13:50:29Z,85, 26, 116639, 143771, 562.32, 63
2026-07-16T13:50:31Z,83, 26, 116639, 143771, 572.09, 64
2026-07-16T13:50:33Z,85, 27, 116639, 143771, 575.16, 64
2026-07-16T13:50:35Z,86, 27, 116639, 143771, 571.32, 64
2026-07-16T13:50:37Z,83, 26, 116639, 143771, 551.57, 64
2026-07-16T13:50:39Z,76, 24, 116639, 143771, 542.25, 63
2026-07-16T13:50:41Z,86, 27, 116639, 143771, 568.70, 64
2026-07-16T13:50:43Z,85, 27, 116639, 143771, 564.85, 63
2026-07-16T13:50:45Z,79, 25, 116639, 143771, 548.93, 63
2026-07-16T13:50:47Z,87, 28, 116639, 143771, 584.04, 65
2026-07-16T13:50:49Z,0, 0, 116639, 143771, 427.85, 54
